-1,female,year,Afghanistan
-1,male,1995,Afghanistan
-1,female,1995,Afghanistan
-1,male,1995,Afghanistan
96,female,1995,Afghanistan
26,male,1995,Afghanistan
1142,female,1995,Afghanistan
500,male,1995,Afghanistan
484,female,1995,Afghanistan
212,male,1995,Afghanistan
1622,female,1995,Afghanistan
783,male,1995,Afghanistan
2827,female,1995,Afghanistan
1345,male,1995,Afghanistan
4008,female,1995,Afghanistan
1812,male,1995,Afghanistan
4020,female,1995,Afghanistan
1775,male,1995,Afghanistan
5075,female,1995,Afghanistan
2209,male,1995,Afghanistan
6252,female,1995,Afghanistan
2561,male,1995,Afghanistan
7769,female,1995,Afghanistan
3346,male,1995,Afghanistan
8203,female,1995,Afghanistan
3489,male,1995,Afghanistan
8123,female,1995,Afghanistan
3459,male,1995,Afghanistan
7678,female,1995,Afghanistan
3197,male,1995,Afghanistan
7768,female,1995,Afghanistan
3427,male,1995,Afghanistan
8105,female,1995,Afghanistan
3788,male,1995,Afghanistan
7966,female,1995,Afghanistan
3609,male,1995,Afghanistan
-1,female,1995,Afghanistan
-1,male,1995,Afghanistan
-1,female,1995,Algeria
-1,male,1995,Algeria
-1,female,1995,Algeria
-1,male,1995,Algeria
2687,female,1995,Algeria
4712,male,1995,Algeria
-1,female,1995,Algeria
-1,male,1995,Algeria
2250,female,1995,Algeria
4062,male,1995,Algeria
3566,female,1995,Algeria
3778,male,1995,Algeria
2758,female,1995,Algeria
4351,male,1995,Algeria
3345,female,1995,Algeria
4253,male,1995,Algeria
2528,female,1995,Algeria
4315,male,1995,Algeria
2609,female,1995,Algeria
4483,male,1995,Algeria
2752,female,1995,Algeria
4856,male,1995,Algeria
2409,female,1995,Algeria
4098,male,1995,Algeria
2697,female,1995,Algeria
4740,male,1995,Algeria
2918,female,1995,Algeria
4730,male,1995,Algeria
2755,female,1995,Algeria
4810,male,1995,Algeria
2802,female,1995,Algeria
4602,male,1995,Algeria
2633,female,1995,Algeria
4369,male,1995,Algeria
2499,female,1995,Algeria
4244,male,1995,Algeria
2417,female,1995,Algeria
3871,male,1995,Algeria
1792,female,1995,Angola
2011,male,1995,Angola
3256,female,1995,Angola
3730,male,1995,Angola
3444,female,1995,Angola
3569,male,1995,Angola
3165,female,1995,Angola
3393,male,1995,Angola
3788,female,1995,Angola
4176,male,1995,Angola
3694,female,1995,Angola
3708,male,1995,Angola
3032,female,1995,Angola
2909,male,1995,Angola
7923,female,1995,Angola
8241,male,1995,Angola
9018,female,1995,Angola
8463,male,1995,Angola
9358,female,1995,Angola
9098,male,1995,Angola
9124,female,1995,Angola
9184,male,1995,Angola
9539,female,1995,Angola
9989,male,1995,Angola
9071,female,1995,Angola
10332,male,1996,Angola
9832,female,1996,Angola
11094,male,1996,Angola
9381,female,1996,Angola
11412,male,1996,Angola
8485,female,1996,Angola
11014,male,1996,Angola
8440,female,1996,Angola
11253,male,1996,Angola
8215,female,1996,Angola
11119,male,1996,Angola
8267,female,1996,Angola
11582,male,1996,Angola
-1,female,1996,Argentina
-1,male,1996,Argentina
2828,female,1996,Argentina
1990,male,1996,Argentina
1852,female,1996,Argentina
2609,male,1996,Argentina
1763,female,1996,Argentina
2475,male,1996,Argentina
1623,female,1996,Argentina
2319,male,1996,Argentina
1694,female,1996,Argentina
2061,male,1996,Argentina
1995,female,1996,Argentina
2663,male,1996,Argentina
1943,female,1996,Argentina
2599,male,1996,Argentina
1756,female,1996,Argentina
2379,male,1996,Argentina
1673,female,1996,Argentina
2249,male,1996,Argentina
1661,female,1996,Argentina
2233,male,1996,Argentina
2488,female,1996,Argentina
3458,male,1996,Argentina
2931,female,1996,Argentina
4124,male,1996,Argentina
2861,female,1996,Argentina
4110,male,1996,Argentina
2334,female,1996,Argentina
3293,male,1996,Argentina
2266,female,1996,Argentina
3219,male,1996,Argentina
3046,female,1996,Argentina
4315,male,1996,Argentina
3760,female,1996,Argentina
2812,male,1996,Argentina
2974,female,1996,Argentina
4160,male,1996,Argentina
23,female,1996,Azerbaijan
66,male,1996,Azerbaijan
289,female,1996,Azerbaijan
738,male,1996,Azerbaijan
313,female,1996,Azerbaijan
659,male,1996,Azerbaijan
31,female,1996,Azerbaijan
128,male,1996,Azerbaijan
171,female,1996,Azerbaijan
592,male,1996,Azerbaijan
15,female,1996,Azerbaijan
138,male,1996,Azerbaijan
-1,female,1996,Azerbaijan
-1,male,1996,Azerbaijan
269,female,1996,Azerbaijan
1344,male,1996,Azerbaijan
268,female,1996,Azerbaijan
864,male,1996,Azerbaijan
309,female,1996,Azerbaijan
1040,male,1996,Azerbaijan
265,female,1996,Azerbaijan
1017,male,1996,Azerbaijan
746,female,1996,Azerbaijan
3340,male,1996,Azerbaijan
-1,female,1996,Azerbaijan
-1,male,1996,Azerbaijan
-1,female,1996,Azerbaijan
-1,male,1996,Azerbaijan
292,female,1996,Azerbaijan
798,male,1996,Azerbaijan
1110,female,1996,Azerbaijan
3262,male,1996,Azerbaijan
365,female,1996,Azerbaijan
559,male,1996,Azerbaijan
1167,female,1996,Azerbaijan
3022,male,1996,Azerbaijan
1093,female,1996,Azerbaijan
3021,male,1996,Azerbaijan
1583,female,1996,Bangladesh
3885,male,1996,Bangladesh
1950,female,1996,Bangladesh
4954,male,1996,Bangladesh
7821,female,1996,Bangladesh
19705,male,1996,Bangladesh
9999,female,1996,Bangladesh
24039,male,1996,Bangladesh
10236,female,1996,Bangladesh
23740,male,1996,Bangladesh
10607,female,1996,Bangladesh
23418,male,1997,Bangladesh
11445,female,1997,Bangladesh
24921,male,1997,Bangladesh
12910,female,1997,Bangladesh
28290,male,1997,Bangladesh
15074,female,1997,Bangladesh
32947,male,1997,Bangladesh
17660,female,1997,Bangladesh
37969,male,1997,Bangladesh
25340,female,1997,Bangladesh
49550,male,1997,Bangladesh
44522,female,1997,Bangladesh
77228,male,1997,Bangladesh
31681,female,1997,Bangladesh
59615,male,1997,Bangladesh
61900,female,1997,Bangladesh
98653,male,1997,Bangladesh
-1,female,1997,Bangladesh
-1,male,1997,Bangladesh
49578,female,1997,Bangladesh
78580,male,1997,Bangladesh
49267,female,1997,Bangladesh
75810,male,1997,Bangladesh
55260,female,1997,Bangladesh
81086,male,1997,Bangladesh
63474,female,1997,Bangladesh
87746,male,1997,Bangladesh
-1,female,1997,Belarus
-1,male,1997,Belarus
-1,female,1997,Belarus
-1,male,1997,Belarus
-1,female,1997,Belarus
-1,male,1997,Belarus
-1,female,1997,Belarus
-1,male,1997,Belarus
-1,female,1997,Belarus
-1,male,1997,Belarus
-1,female,1997,Belarus
-1,male,1997,Belarus
-1,female,1997,Belarus
-1,male,1997,Belarus
96,female,1997,Belarus
650,male,1997,Belarus
147,female,1997,Belarus
766,male,1997,Belarus
153,female,1997,Belarus
832,male,1997,Belarus
182,female,1997,Belarus
929,male,1997,Belarus
1208,female,1997,Belarus
3346,male,1997,Belarus
1177,female,1997,Belarus
3119,male,1997,Belarus
1090,female,1997,Belarus
2996,male,1997,Belarus
371,female,1997,Belarus
1043,male,1997,Belarus
1031,female,1997,Belarus
2848,male,1997,Belarus
936,female,1997,Belarus
2698,male,1997,Belarus
910,female,1997,Belarus
2512,male,1997,Belarus
968,female,1997,Belarus
3006,male,1997,Belarus
564,female,1997,Benin
1121,male,1997,Benin
611,female,1997,Benin
1108,male,1997,Benin
604,female,1997,Benin
1153,male,1997,Benin
694,female,1997,Benin
1169,male,1997,Benin
727,female,1997,Benin
1318,male,1997,Benin
784,female,1997,Benin
1348,male,1997,Benin
803,female,1997,Benin
1350,male,1997,Benin
845,female,1997,Benin
1397,male,1997,Benin
820,female,1997,Benin
1445,male,1997,Benin
882,female,1997,Benin
1535,male,1997,Benin
865,female,1997,Benin
1702,male,1997,Benin
988,female,1997,Benin
1758,male,1997,Benin
880,female,1997,Benin
1714,male,1997,Benin
955,female,1997,Benin
1823,male,1997,Benin
962,female,1997,Benin
1791,male,1997,Benin
987,female,1997,Benin
1819,male,1997,Benin
1080,female,1997,Benin
2030,male,1997,Benin
1001,female,1997,Benin
1941,male,1998,Benin
1015,female,1998,Benin
1918,male,1998,Benin
-1,female,1998,Bolivia (Plurinational State of)
-1,male,1998,Bolivia (Plurinational State of)
2372,female,1998,Bolivia (Plurinational State of)
3728,male,1998,Bolivia (Plurinational State of)
2197,female,1998,Bolivia (Plurinational State of)
3404,male,1998,Bolivia (Plurinational State of)
2059,female,1998,Bolivia (Plurinational State of)
3570,male,1998,Bolivia (Plurinational State of)
2172,female,1998,Bolivia (Plurinational State of)
3432,male,1998,Bolivia (Plurinational State of)
2199,female,1998,Bolivia (Plurinational State of)
3303,male,1998,Bolivia (Plurinational State of)
2301,female,1998,Bolivia (Plurinational State of)
3327,male,1998,Bolivia (Plurinational State of)
2349,female,1998,Bolivia (Plurinational State of)
3287,male,1998,Bolivia (Plurinational State of)
2093,female,1998,Bolivia (Plurinational State of)
3181,male,1998,Bolivia (Plurinational State of)
2011,female,1998,Bolivia (Plurinational State of)
3210,male,1998,Bolivia (Plurinational State of)
2063,female,1998,Bolivia (Plurinational State of)
3221,male,1998,Bolivia (Plurinational State of)
1803,female,1998,Bolivia (Plurinational State of)
3040,male,1998,Bolivia (Plurinational State of)
1787,female,1998,Bolivia (Plurinational State of)
2759,male,1998,Bolivia (Plurinational State of)
1940,female,1998,Bolivia (Plurinational State of)
3153,male,1998,Bolivia (Plurinational State of)
2404,female,1998,Bolivia (Plurinational State of)
3895,male,1998,Bolivia (Plurinational State of)
2468,female,1998,Bolivia (Plurinational State of)
3980,male,1998,Bolivia (Plurinational State of)
2448,female,1998,Bolivia (Plurinational State of)
4083,male,1998,Bolivia (Plurinational State of)
2520,female,1998,Bolivia (Plurinational State of)
3924,male,1998,Bolivia (Plurinational State of)
2522,female,1998,Bolivia (Plurinational State of)
4239,male,1998,Bolivia (Plurinational State of)
-1,female,1998,Botswana
-1,male,1998,Botswana
-1,female,1998,Botswana
-1,male,1998,Botswana
988,female,1998,Botswana
1511,male,1998,Botswana
-1,female,1998,Botswana
-1,male,1998,Botswana
1053,female,1998,Botswana
1608,male,1998,Botswana
1221,female,1998,Botswana
1680,male,1998,Botswana
1292,female,1998,Botswana
1623,male,1998,Botswana
1447,female,1998,Botswana
1718,male,1998,Botswana
1294,female,1998,Botswana
1581,male,1998,Botswana
1354,female,1998,Botswana
1564,male,1998,Botswana
1217,female,1998,Botswana
1736,male,1998,Botswana
1280,female,1998,Botswana
1740,male,1998,Botswana
1201,female,1998,Botswana
1611,male,1998,Botswana
3055,female,1998,Botswana
3691,male,1998,Botswana
2995,female,1998,Botswana
3721,male,1998,Botswana
2526,female,1998,Botswana
3148,male,1998,Botswana
2324,female,1998,Botswana
2708,male,1998,Botswana
2262,female,1998,Botswana
2667,male,1998,Botswana
2498,female,1998,Botswana
3285,male,1998,Botswana
-1,female,1998,Brazil
-1,male,1998,Brazil
-1,female,1998,Brazil
-1,male,1998,Brazil
-1,female,1998,Brazil
-1,male,1998,Brazil
-1,female,1998,Brazil
-1,male,1998,Brazil
11683,female,1998,Brazil
22154,male,1998,Brazil
25295,female,1998,Brazil
44450,male,1998,Brazil
11982,female,1998,Brazil
21813,male,1998,Brazil
12902,female,1998,Brazil
24482,male,1998,Brazil
12341,female,1998,Brazil
23680,male,1998,Brazil
13095,female,1998,Brazil
25716,male,1998,Brazil
12794,female,1998,Brazil
25383,male,1999,Brazil
22250,female,1999,Brazil
42367,male,1999,Brazil
21294,female,1999,Brazil
41245,male,1999,Brazil
20710,female,1999,Brazil
40931,male,1999,Brazil
21062,female,1999,Brazil
41408,male,1999,Brazil
20619,female,1999,Brazil
41353,male,1999,Brazil
20254,female,1999,Brazil
41889,male,1999,Brazil
20140,female,1999,Brazil
42222,male,1999,Brazil
21430,female,1999,Brazil
44737,male,1999,Brazil
205,female,1999,Burkina Faso
434,male,1999,Burkina Faso
304,female,1999,Burkina Faso
536,male,1999,Burkina Faso
304,female,1999,Burkina Faso
536,male,1999,Burkina Faso
381,female,1999,Burkina Faso
858,male,1999,Burkina Faso
402,female,1999,Burkina Faso
749,male,1999,Burkina Faso
371,female,1999,Burkina Faso
818,male,1999,Burkina Faso
416,female,1999,Burkina Faso
976,male,1999,Burkina Faso
458,female,1999,Burkina Faso
942,male,1999,Burkina Faso
481,female,1999,Burkina Faso
1073,male,1999,Burkina Faso
579,female,1999,Burkina Faso
1180,male,1999,Burkina Faso
710,female,1999,Burkina Faso
1398,male,1999,Burkina Faso
803,female,1999,Burkina Faso
1623,male,1999,Burkina Faso
1172,female,1999,Burkina Faso
2078,male,1999,Burkina Faso
796,female,1999,Burkina Faso
1716,male,1999,Burkina Faso
884,female,1999,Burkina Faso
1846,male,1999,Burkina Faso
836,female,1999,Burkina Faso
1896,male,1999,Burkina Faso
917,female,1999,Burkina Faso
2192,male,1999,Burkina Faso
901,female,1999,Burkina Faso
2350,male,1999,Burkina Faso
833,female,1999,Burkina Faso
2441,male,1999,Burkina Faso
367,female,1999,Burundi
695,male,1999,Burundi
516,female,1999,Burundi
931,male,1999,Burundi
762,female,1999,Burundi
1362,male,1999,Burundi
999,female,1999,Burundi
1779,male,1999,Burundi
919,female,1999,Burundi
1790,male,1999,Burundi
-1,female,1999,Burundi
-1,male,1999,Burundi
1186,female,1999,Burundi
1685,male,1999,Burundi
985,female,1999,Burundi
1667,male,1999,Burundi
1091,female,1999,Burundi
1774,male,1999,Burundi
1081,female,1999,Burundi
1864,male,1999,Burundi
1143,female,1999,Burundi
1951,male,1999,Burundi
1101,female,1999,Burundi
1869,male,1999,Burundi
1235,female,1999,Burundi
2153,male,1999,Burundi
1150,female,1999,Burundi
2274,male,1999,Burundi
1272,female,1999,Burundi
2461,male,1999,Burundi
2382,female,1999,Burundi
3959,male,1999,Burundi
2024,female,1999,Burundi
3693,male,1999,Burundi
2044,female,1999,Burundi
3855,male,1999,Burundi
2168,female,1999,Burundi
4183,male,1999,Burundi
5562,female,1999,Cambodia
5354,male,1999,Cambodia
5279,female,1999,Cambodia
5241,male,1999,Cambodia
-1,female,1999,Cambodia
-1,male,1999,Cambodia
6108,female,1999,Cambodia
6067,male,2000,Cambodia
6840,female,2000,Cambodia
6871,male,2000,Cambodia
6520,female,2000,Cambodia
6289,male,2000,Cambodia
6129,female,2000,Cambodia
6312,male,2000,Cambodia
6999,female,2000,Cambodia
7619,male,2000,Cambodia
8018,female,2000,Cambodia
8079,male,2000,Cambodia
7828,female,2000,Cambodia
8278,male,2000,Cambodia
8673,female,2000,Cambodia
8850,male,2000,Cambodia
7905,female,2000,Cambodia
8073,male,2000,Cambodia
7742,female,2000,Cambodia
8462,male,2000,Cambodia
8056,female,2000,Cambodia
8393,male,2000,Cambodia
7045,female,2000,Cambodia
7812,male,2000,Cambodia
6715,female,2000,Cambodia
7710,male,2000,Cambodia
5994,female,2000,Cambodia
7228,male,2000,Cambodia
5383,female,2000,Cambodia
6681,male,2000,Cambodia
5095,female,2000,Cambodia
6310,male,2000,Cambodia
980,female,2000,Cameroon
1591,male,2000,Cameroon
840,female,2000,Cameroon
1393,male,2000,Cameroon
1382,female,2000,Cameroon
2067,male,2000,Cameroon
1471,female,2000,Cameroon
2793,male,2000,Cameroon
2124,female,2000,Cameroon
3532,male,2000,Cameroon
1390,female,2000,Cameroon
2358,male,2000,Cameroon
1636,female,2000,Cameroon
2851,male,2000,Cameroon
2924,female,2000,Cameroon
4147,male,2000,Cameroon
4140,female,2000,Cameroon
6084,male,2000,Cameroon
4141,female,2000,Cameroon
6370,male,2000,Cameroon
4991,female,2000,Cameroon
7218,male,2000,Cameroon
4877,female,2000,Cameroon
7288,male,2000,Cameroon
5122,female,2000,Cameroon
7370,male,2000,Cameroon
5376,female,2000,Cameroon
8151,male,2000,Cameroon
5415,female,2000,Cameroon
8298,male,2000,Cameroon
5558,female,2000,Cameroon
8116,male,2000,Cameroon
5522,female,2000,Cameroon
8558,male,2000,Cameroon
5521,female,2000,Cameroon
8641,male,2000,Cameroon
-1,female,2000,Cameroon
-1,male,2000,Cameroon
806,female,2000,Central African Republic
884,male,2000,Central African Republic
903,female,2000,Central African Republic
962,male,2000,Central African Republic
1025,female,2000,Central African Republic
1105,male,2000,Central African Republic
1222,female,2000,Central African Republic
1248,male,2000,Central African Republic
1208,female,2000,Central African Republic
1310,male,2000,Central African Republic
-1,female,2000,Central African Republic
-1,male,2000,Central African Republic
625,female,2000,Central African Republic
700,male,2000,Central African Republic
1200,female,2000,Central African Republic
1376,male,2000,Central African Republic
-1,female,2000,Central African Republic
-1,male,2000,Central African Republic
1276,female,2000,Central African Republic
1598,male,2000,Central African Republic
667,female,2000,Central African Republic
1397,male,2000,Central African Republic
3109,female,2000,Central African Republic
3048,male,2000,Central African Republic
-1,female,2000,Central African Republic
-1,male,2000,Central African Republic
1864,female,2000,Central African Republic
2060,male,2000,Central African Republic
2116,female,2000,Central African Republic
2593,male,2000,Central African Republic
2507,female,2000,Central African Republic
2805,male,2001,Central African Republic
2111,female,2001,Central African Republic
2414,male,2001,Central African Republic
1857,female,2001,Central African Republic
2479,male,2001,Central African Republic
1706,female,2001,Central African Republic
2250,male,2001,Central African Republic
-1,female,2001,Chad
-1,male,2001,Chad
-1,female,2001,Chad
-1,male,2001,Chad
-1,female,2001,Chad
-1,male,2001,Chad
-1,female,2001,Chad
-1,male,2001,Chad
810,female,2001,Chad
2062,male,2001,Chad
-1,female,2001,Chad
-1,male,2001,Chad
-1,female,2001,Chad
-1,male,2001,Chad
1228,female,2001,Chad
2219,male,2001,Chad
1476,female,2001,Chad
1727,male,2001,Chad
822,female,2001,Chad
1290,male,2001,Chad
864,female,2001,Chad
1490,male,2001,Chad
-1,female,2001,Chad
-1,male,2001,Chad
-1,female,2001,Chad
-1,male,2001,Chad
-1,female,2001,Chad
-1,male,2001,Chad
1200,female,2001,Chad
2337,male,2001,Chad
2266,female,2001,Chad
4393,male,2001,Chad
2491,female,2001,Chad
4686,male,2001,Chad
2468,female,2001,Chad
4722,male,2001,Chad
3465,female,2001,Chad
6228,male,2001,Chad
476,female,2001,Chile
830,male,2001,Chile
387,female,2001,Chile
863,male,2001,Chile
419,female,2001,Chile
831,male,2001,Chile
-1,female,2001,Chile
-1,male,2001,Chile
421,female,2001,Chile
833,male,2001,Chile
344,female,2001,Chile
721,male,2001,Chile
343,female,2001,Chile
780,male,2001,Chile
367,female,2001,Chile
783,male,2001,Chile
329,female,2001,Chile
722,male,2001,Chile
322,female,2001,Chile
725,male,2001,Chile
285,female,2001,Chile
658,male,2001,Chile
617,female,2001,Chile
1128,male,2001,Chile
590,female,2001,Chile
1190,male,2001,Chile
578,female,2001,Chile
1210,male,2001,Chile
598,female,2001,Chile
1118,male,2001,Chile
599,female,2001,Chile
1110,male,2001,Chile
597,female,2001,Chile
1165,male,2001,Chile
570,female,2001,Chile
1107,male,2001,Chile
655,female,2001,Chile
1203,male,2001,Chile
42774,female,2001,China
73178,male,2001,China
53571,female,2001,China
94024,male,2001,China
61244,female,2001,China
109797,male,2001,China
65122,female,2001,China
120014,male,2001,China
63363,female,2001,China
119187,male,2001,China
62410,female,2001,China
120738,male,2001,China
61125,female,2001,China
119733,male,2001,China
54325,female,2001,China
109268,male,2001,China
73931,female,2001,China
149317,male,2002,China
102747,female,2002,China
212569,male,2002,China
121759,female,2002,China
256657,male,2002,China
118551,female,2002,China
257540,male,2002,China
114192,female,2002,China
257857,male,2002,China
110456,female,2002,China
259661,male,2002,China
223811,female,2002,China
484147,male,2002,China
223187,female,2002,China
476748,male,2002,China
218852,female,2002,China
478461,male,2002,China
215915,female,2002,China
466634,male,2002,China
211310,female,2002,China
459122,male,2002,China
-1,female,2002,"China, Hong Kong SAR"
-1,male,2002,"China, Hong Kong SAR"
-1,female,2002,"China, Hong Kong SAR"
-1,male,2002,"China, Hong Kong SAR"
395,female,2002,"China, Hong Kong SAR"
855,male,2002,"China, Hong Kong SAR"
-1,female,2002,"China, Hong Kong SAR"
-1,male,2002,"China, Hong Kong SAR"
359,female,2002,"China, Hong Kong SAR"
777,male,2002,"China, Hong Kong SAR"
355,female,2002,"China, Hong Kong SAR"
787,male,2002,"China, Hong Kong SAR"
382,female,2002,"China, Hong Kong SAR"
737,male,2002,"China, Hong Kong SAR"
394,female,2002,"China, Hong Kong SAR"
792,male,2002,"China, Hong Kong SAR"
434,female,2002,"China, Hong Kong SAR"
710,male,2002,"China, Hong Kong SAR"
386,female,2002,"China, Hong Kong SAR"
682,male,2002,"China, Hong Kong SAR"
1423,female,2002,"China, Hong Kong SAR"
1944,male,2002,"China, Hong Kong SAR"
1312,female,2002,"China, Hong Kong SAR"
1827,male,2002,"China, Hong Kong SAR"
1269,female,2002,"China, Hong Kong SAR"
1699,male,2002,"China, Hong Kong SAR"
1308,female,2002,"China, Hong Kong SAR"
1759,male,2002,"China, Hong Kong SAR"
1276,female,2002,"China, Hong Kong SAR"
1614,male,2002,"China, Hong Kong SAR"
1223,female,2002,"China, Hong Kong SAR"
1558,male,2002,"China, Hong Kong SAR"
1178,female,2002,"China, Hong Kong SAR"
1534,male,2002,"China, Hong Kong SAR"
1202,female,2002,"China, Hong Kong SAR"
1486,male,2002,"China, Hong Kong SAR"
1232,female,2002,"China, Hong Kong SAR"
1630,male,2002,"China, Hong Kong SAR"
-1,female,2002,Colombia
-1,male,2002,Colombia
-1,female,2002,Colombia
-1,male,2002,Colombia
-1,female,2002,Colombia
-1,male,2002,Colombia
-1,female,2002,Colombia
-1,male,2002,Colombia
-1,female,2002,Colombia
6849,male,2002,Colombia
2553,female,2002,Colombia
4109,male,2002,Colombia
2624,female,2002,Colombia
3977,male,2002,Colombia
2047,female,2002,Colombia
3063,male,2002,Colombia
2540,female,2002,Colombia
3839,male,2002,Colombia
2476,female,2002,Colombia
3588,male,2002,Colombia
2252,female,2002,Colombia
3171,male,2002,Colombia
3311,female,2002,Colombia
4851,male,2002,Colombia
3362,female,2002,Colombia
4770,male,2002,Colombia
3388,female,2002,Colombia
5056,male,2002,Colombia
3412,female,2002,Colombia
5018,male,2002,Colombia
3255,female,2002,Colombia
4846,male,2002,Colombia
3275,female,2002,Colombia
5262,male,2002,Colombia
3312,female,2002,Colombia
5143,male,2002,Colombia
3450,female,2002,Colombia
5621,male,2002,Colombia
915,female,2002,Congo
1012,male,2002,Congo
-1,female,2002,Congo
-1,male,2003,Congo
-1,female,2003,Congo
-1,male,2003,Congo
-1,female,2003,Congo
-1,male,2003,Congo
895,female,2003,Congo
1046,male,2003,Congo
-1,female,2003,Congo
-1,male,2003,Congo
1899,female,2003,Congo
2009,male,2003,Congo
-1,female,2003,Congo
-1,male,2003,Congo
-1,female,2003,Congo
-1,male,2003,Congo
1727,female,2003,Congo
2269,male,2003,Congo
-1,female,2003,Congo
-1,male,2003,Congo
1348,female,2003,Congo
1662,male,2003,Congo
1577,female,2003,Congo
1779,male,2003,Congo
1429,female,2003,Congo
1755,male,2003,Congo
1414,female,2003,Congo
1801,male,2003,Congo
1437,female,2003,Congo
1811,male,2003,Congo
1491,female,2003,Congo
1922,male,2003,Congo
1508,female,2003,Congo
2187,male,2003,Congo
1467,female,2003,Congo
2224,male,2003,Congo
2498,female,2003,Côte d'Ivoire
5467,male,2003,Côte d'Ivoire
2400,female,2003,Côte d'Ivoire
4477,male,2003,Côte d'Ivoire
3101,female,2003,Côte d'Ivoire
5376,male,2003,Côte d'Ivoire
3218,female,2003,Côte d'Ivoire
5619,male,2003,Côte d'Ivoire
3249,female,2003,Côte d'Ivoire
5110,male,2003,Côte d'Ivoire
-1,female,2003,Côte d'Ivoire
-1,male,2003,Côte d'Ivoire
3772,female,2003,Côte d'Ivoire
5480,male,2003,Côte d'Ivoire
4166,female,2003,Côte d'Ivoire
6173,male,2003,Côte d'Ivoire
4353,female,2003,Côte d'Ivoire
6058,male,2003,Côte d'Ivoire
4661,female,2003,Côte d'Ivoire
6620,male,2003,Côte d'Ivoire
4785,female,2003,Côte d'Ivoire
6711,male,2003,Côte d'Ivoire
4892,female,2003,Côte d'Ivoire
7036,male,2003,Côte d'Ivoire
5398,female,2003,Côte d'Ivoire
7611,male,2003,Côte d'Ivoire
5700,female,2003,Côte d'Ivoire
8320,male,2003,Côte d'Ivoire
5319,female,2003,Côte d'Ivoire
7981,male,2003,Côte d'Ivoire
5136,female,2003,Côte d'Ivoire
8006,male,2003,Côte d'Ivoire
5101,female,2003,Côte d'Ivoire
8311,male,2003,Côte d'Ivoire
5169,female,2003,Côte d'Ivoire
8431,male,2003,Côte d'Ivoire
5228,female,2003,Côte d'Ivoire
8923,male,2003,Côte d'Ivoire
-1,female,2003,Democratic People's Republic of Korea
-1,male,2003,Democratic People's Republic of Korea
-1,female,2003,Democratic People's Republic of Korea
-1,male,2003,Democratic People's Republic of Korea
1090,female,2003,Democratic People's Republic of Korea
2495,male,2003,Democratic People's Republic of Korea
104,female,2003,Democratic People's Republic of Korea
158,male,2003,Democratic People's Republic of Korea
1029,female,2003,Democratic People's Republic of Korea
1578,male,2003,Democratic People's Republic of Korea
5923,female,2003,Democratic People's Republic of Korea
9049,male,2003,Democratic People's Republic of Korea
4849,female,2003,Democratic People's Republic of Korea
8307,male,2003,Democratic People's Republic of Korea
6808,female,2003,Democratic People's Republic of Korea
10163,male,2003,Democratic People's Republic of Korea
6217,female,2003,Democratic People's Republic of Korea
9992,male,2003,Democratic People's Republic of Korea
6301,female,2003,Democratic People's Republic of Korea
11156,male,2003,Democratic People's Republic of Korea
6918,female,2003,Democratic People's Republic of Korea
9744,male,2003,Democratic People's Republic of Korea
6313,female,2003,Democratic People's Republic of Korea
10890,male,2003,Democratic People's Republic of Korea
8366,female,2003,Democratic People's Republic of Korea
13336,male,2003,Democratic People's Republic of Korea
23443,female,2003,Democratic People's Republic of Korea
39531,male,2004,Democratic People's Republic of Korea
25705,female,2004,Democratic People's Republic of Korea
40275,male,2004,Democratic People's Republic of Korea
27706,female,2004,Democratic People's Republic of Korea
45182,male,2004,Democratic People's Republic of Korea
28581,female,2004,Democratic People's Republic of Korea
48444,male,2004,Democratic People's Republic of Korea
29070,female,2004,Democratic People's Republic of Korea
47467,male,2004,Democratic People's Republic of Korea
31100,female,2004,Democratic People's Republic of Korea
49970,male,2004,Democratic People's Republic of Korea
5277,female,2004,Democratic Republic of the Congo
7662,male,2004,Democratic Republic of the Congo
4928,female,2004,Democratic Republic of the Congo
5705,male,2004,Democratic Republic of the Congo
5630,female,2004,Democratic Republic of the Congo
6606,male,2004,Democratic Republic of the Congo
13343,female,2004,Democratic Republic of the Congo
15334,male,2004,Democratic Republic of the Congo
15141,female,2004,Democratic Republic of the Congo
17667,male,2004,Democratic Republic of the Congo
15456,female,2004,Democratic Republic of the Congo
17876,male,2004,Democratic Republic of the Congo
17311,female,2004,Democratic Republic of the Congo
20522,male,2004,Democratic Republic of the Congo
18864,female,2004,Democratic Republic of the Congo
21826,male,2004,Democratic Republic of the Congo
23490,female,2004,Democratic Republic of the Congo
26117,male,2004,Democratic Republic of the Congo
26962,female,2004,Democratic Republic of the Congo
30406,male,2004,Democratic Republic of the Congo
27855,female,2004,Democratic Republic of the Congo
31719,male,2004,Democratic Republic of the Congo
27160,female,2004,Democratic Republic of the Congo
30866,male,2004,Democratic Republic of the Congo
27963,female,2004,Democratic Republic of the Congo
32100,male,2004,Democratic Republic of the Congo
29312,female,2004,Democratic Republic of the Congo
33924,male,2004,Democratic Republic of the Congo
29532,female,2004,Democratic Republic of the Congo
34574,male,2004,Democratic Republic of the Congo
30231,female,2004,Democratic Republic of the Congo
36510,male,2004,Democratic Republic of the Congo
29293,female,2004,Democratic Republic of the Congo
35443,male,2004,Democratic Republic of the Congo
28231,female,2004,Democratic Republic of the Congo
36557,male,2004,Democratic Republic of the Congo
28153,female,2004,Democratic Republic of the Congo
36702,male,2004,Democratic Republic of the Congo
-1,female,2004,Djibouti
-1,male,2004,Djibouti
585,female,2004,Djibouti
1118,male,2004,Djibouti
557,female,2004,Djibouti
1218,male,2004,Djibouti
541,female,2004,Djibouti
1073,male,2004,Djibouti
468,female,2004,Djibouti
1032,male,2004,Djibouti
398,female,2004,Djibouti
915,male,2004,Djibouti
408,female,2004,Djibouti
839,male,2004,Djibouti
373,female,2004,Djibouti
813,male,2004,Djibouti
371,female,2004,Djibouti
760,male,2004,Djibouti
323,female,2004,Djibouti
690,male,2004,Djibouti
342,female,2004,Djibouti
700,male,2004,Djibouti
358,female,2004,Djibouti
732,male,2004,Djibouti
919,female,2004,Djibouti
1298,male,2004,Djibouti
444,female,2004,Djibouti
836,male,2004,Djibouti
459,female,2004,Djibouti
847,male,2004,Djibouti
373,female,2004,Djibouti
721,male,2004,Djibouti
448,female,2004,Djibouti
768,male,2004,Djibouti
361,female,2004,Djibouti
723,male,2004,Djibouti
380,female,2004,Djibouti
673,male,2004,Djibouti
-1,female,2004,Dominican Republic
-1,male,2004,Dominican Republic
453,female,2004,Dominican Republic
745,male,2004,Dominican Republic
993,female,2004,Dominican Republic
1423,male,2004,Dominican Republic
805,female,2004,Dominican Republic
1184,male,2004,Dominican Republic
1229,female,2004,Dominican Republic
1752,male,2004,Dominican Republic
1048,female,2004,Dominican Republic
1533,male,2004,Dominican Republic
-1,female,2004,Dominican Republic
-1,male,2005,Dominican Republic
759,female,2005,Dominican Republic
1213,male,2005,Dominican Republic
998,female,2005,Dominican Republic
1523,male,2005,Dominican Republic
930,female,2005,Dominican Republic
1558,male,2005,Dominican Republic
1071,female,2005,Dominican Republic
1619,male,2005,Dominican Republic
965,female,2005,Dominican Republic
1480,male,2005,Dominican Republic
821,female,2005,Dominican Republic
1372,male,2005,Dominican Republic
874,female,2005,Dominican Republic
1377,male,2005,Dominican Republic
850,female,2005,Dominican Republic
1389,male,2005,Dominican Republic
744,female,2005,Dominican Republic
1196,male,2005,Dominican Republic
844,female,2005,Dominican Republic
1390,male,2005,Dominican Republic
819,female,2005,Dominican Republic
1444,male,2005,Dominican Republic
848,female,2005,Dominican Republic
1600,male,2005,Dominican Republic
-1,female,2005,Ecuador
-1,male,2005,Ecuador
-1,female,2005,Ecuador
-1,male,2005,Ecuador
-1,female,2005,Ecuador
-1,male,2005,Ecuador
-1,female,2005,Ecuador
-1,male,2005,Ecuador
-1,female,2005,Ecuador
-1,male,2005,Ecuador
-1,female,2005,Ecuador
-1,male,2005,Ecuador
1830,female,2005,Ecuador
2227,male,2005,Ecuador
-1,female,2005,Ecuador
-1,male,2005,Ecuador
551,female,2005,Ecuador
970,male,2005,Ecuador
1463,female,2005,Ecuador
2412,male,2005,Ecuador
1057,female,2005,Ecuador
1609,male,2005,Ecuador
1054,female,2005,Ecuador
1755,male,2005,Ecuador
1131,female,2005,Ecuador
1868,male,2005,Ecuador
1083,female,2005,Ecuador
1862,male,2005,Ecuador
1056,female,2005,Ecuador
1809,male,2005,Ecuador
1055,female,2005,Ecuador
1878,male,2005,Ecuador
1401,female,2005,Ecuador
2593,male,2005,Ecuador
1514,female,2005,Ecuador
2668,male,2005,Ecuador
1510,female,2005,Ecuador
2949,male,2005,Ecuador
1345,female,2005,Egypt
2538,male,2005,Egypt
1049,female,2005,Egypt
3266,male,2005,Egypt
1491,female,2005,Egypt
3293,male,2005,Egypt
1528,female,2005,Egypt
3226,male,2005,Egypt
1385,female,2005,Egypt
3034,male,2005,Egypt
1380,female,2005,Egypt
2918,male,2005,Egypt
1415,female,2005,Egypt
2800,male,2005,Egypt
1433,female,2005,Egypt
2997,male,2005,Egypt
1526,female,2005,Egypt
3110,male,2005,Egypt
1385,female,2005,Egypt
2918,male,2005,Egypt
1284,female,2005,Egypt
2208,male,2005,Egypt
3631,female,2005,Egypt
4697,male,2005,Egypt
3292,female,2005,Egypt
5071,male,2005,Egypt
2722,female,2005,Egypt
5078,male,2005,Egypt
3185,female,2005,Egypt
5029,male,2005,Egypt
3126,female,2005,Egypt
4740,male,2005,Egypt
3088,female,2005,Egypt
4373,male,2005,Egypt
2938,female,2005,Egypt
4190,male,2005,Egypt
2807,female,2005,Egypt
3794,male,2006,Egypt
2287,female,2006,Ethiopia
3197,male,2006,Ethiopia
3621,female,2006,Ethiopia
4830,male,2006,Ethiopia
6354,female,2006,Ethiopia
7832,male,2006,Ethiopia
7383,female,2006,Ethiopia
8708,male,2006,Ethiopia
8736,female,2006,Ethiopia
11030,male,2006,Ethiopia
12570,female,2006,Ethiopia
15469,male,2006,Ethiopia
13663,female,2006,Ethiopia
16880,male,2006,Ethiopia
15242,female,2006,Ethiopia
17926,male,2006,Ethiopia
16275,female,2006,Ethiopia
20306,male,2006,Ethiopia
17195,female,2006,Ethiopia
21128,male,2006,Ethiopia
16087,female,2006,Ethiopia
19373,male,2006,Ethiopia
15102,female,2006,Ethiopia
18736,male,2006,Ethiopia
15714,female,2006,Ethiopia
19270,male,2006,Ethiopia
16803,female,2006,Ethiopia
20839,male,2006,Ethiopia
17752,female,2006,Ethiopia
22458,male,2006,Ethiopia
18432,female,2006,Ethiopia
23855,male,2006,Ethiopia
19839,female,2006,Ethiopia
24951,male,2006,Ethiopia
-1,female,2006,Ethiopia
-1,male,2006,Ethiopia
-1,female,2006,Ethiopia
-1,male,2006,Ethiopia
722,female,2006,France
1800,male,2006,France
611,female,2006,France
1471,male,2006,France
535,female,2006,France
1228,male,2006,France
-1,female,2006,France
-1,male,2006,France
515,female,2006,France
1157,male,2006,France
413,female,2006,France
967,male,2006,France
468,female,2006,France
938,male,2006,France
412,female,2006,France
964,male,2006,France
398,female,2006,France
918,male,2006,France
381,female,2006,France
889,male,2006,France
414,female,2006,France
891,male,2006,France
1338,female,2006,France
2087,male,2006,France
1814,female,2006,France
2710,male,2006,France
937,female,2006,France
1437,male,2006,France
812,female,2006,France
1207,male,2006,France
741,female,2006,France
1215,male,2006,France
752,female,2006,France
1183,male,2006,France
764,female,2006,France
1145,male,2006,France
1277,female,2006,France
2154,male,2006,France
67,female,2006,Georgia
133,male,2006,Georgia
127,female,2006,Georgia
316,male,2006,Georgia
179,female,2006,Georgia
388,male,2006,Georgia
149,female,2006,Georgia
364,male,2006,Georgia
113,female,2006,Georgia
594,male,2006,Georgia
146,female,2006,Georgia
408,male,2006,Georgia
203,female,2006,Georgia
737,male,2006,Georgia
212,female,2006,Georgia
706,male,2006,Georgia
222,female,2006,Georgia
693,male,2006,Georgia
278,female,2006,Georgia
932,male,2006,Georgia
335,female,2006,Georgia
1049,male,2006,Georgia
1096,female,2006,Georgia
2538,male,2007,Georgia
1061,female,2007,Georgia
2382,male,2007,Georgia
1027,female,2007,Georgia
2485,male,2007,Georgia
1062,female,2007,Georgia
2755,male,2007,Georgia
1003,female,2007,Georgia
2851,male,2007,Georgia
1010,female,2007,Georgia
2685,male,2007,Georgia
935,female,2007,Georgia
2329,male,2007,Georgia
863,female,2007,Georgia
2085,male,2007,Georgia
726,female,2007,Germany
2073,male,2007,Germany
749,female,2007,Germany
1896,male,2007,Germany
659,female,2007,Germany
1808,male,2007,Germany
601,female,2007,Germany
1667,male,2007,Germany
577,female,2007,Germany
1569,male,2007,Germany
-1,female,2007,Germany
-1,male,2007,Germany
211,female,2007,Germany
428,male,2007,Germany
173,female,2007,Germany
380,male,2007,Germany
308,female,2007,Germany
618,male,2007,Germany
356,female,2007,Germany
646,male,2007,Germany
308,female,2007,Germany
602,male,2007,Germany
1313,female,2007,Germany
1977,male,2007,Germany
1518,female,2007,Germany
2401,male,2007,Germany
931,female,2007,Germany
1487,male,2007,Germany
947,female,2007,Germany
1470,male,2007,Germany
892,female,2007,Germany
1416,male,2007,Germany
951,female,2007,Germany
1367,male,2007,Germany
892,female,2007,Germany
1465,male,2007,Germany
1071,female,2007,Germany
1807,male,2007,Germany
886,female,2007,Ghana
1510,male,2007,Ghana
811,female,2007,Ghana
1349,male,2007,Ghana
1896,female,2007,Ghana
3118,male,2007,Ghana
2348,female,2007,Ghana
3759,male,2007,Ghana
2230,female,2007,Ghana
3882,male,2007,Ghana
2330,female,2007,Ghana
4237,male,2007,Ghana
2531,female,2007,Ghana
4282,male,2007,Ghana
2435,female,2007,Ghana
4452,male,2007,Ghana
2397,female,2007,Ghana
4511,male,2007,Ghana
2178,female,2007,Ghana
4354,male,2007,Ghana
2243,female,2007,Ghana
4510,male,2007,Ghana
2308,female,2007,Ghana
4703,male,2007,Ghana
2238,female,2007,Ghana
4337,male,2007,Ghana
-1,female,2007,Ghana
-1,male,2007,Ghana
2356,female,2007,Ghana
4951,male,2007,Ghana
3797,female,2007,Ghana
6990,male,2007,Ghana
4482,female,2007,Ghana
7918,male,2007,Ghana
4084,female,2007,Ghana
7756,male,2007,Ghana
4268,female,2007,Ghana
8238,male,2007,Ghana
975,female,2007,Guatemala
1058,male,2007,Guatemala
982,female,2007,Guatemala
962,male,2007,Guatemala
865,female,2007,Guatemala
1008,male,2007,Guatemala
896,female,2007,Guatemala
999,male,2007,Guatemala
948,female,2007,Guatemala
1011,male,2008,Guatemala
763,female,2008,Guatemala
961,male,2008,Guatemala
646,female,2008,Guatemala
776,male,2008,Guatemala
694,female,2008,Guatemala
882,male,2008,Guatemala
714,female,2008,Guatemala
825,male,2008,Guatemala
922,female,2008,Guatemala
1136,male,2008,Guatemala
1125,female,2008,Guatemala
1008,male,2008,Guatemala
-1,female,2008,Guatemala
-1,male,2008,Guatemala
1128,female,2008,Guatemala
1201,male,2008,Guatemala
1058,female,2008,Guatemala
1244,male,2008,Guatemala
1152,female,2008,Guatemala
1284,male,2008,Guatemala
810,female,2008,Guatemala
954,male,2008,Guatemala
788,female,2008,Guatemala
872,male,2008,Guatemala
-1,female,2008,Guatemala
-1,male,2008,Guatemala
832,female,2008,Guatemala
1061,male,2008,Guatemala
711,female,2008,Guinea
1426,male,2008,Guinea
937,female,2008,Guinea
1713,male,2008,Guinea
957,female,2008,Guinea
1829,male,2008,Guinea
1056,female,2008,Guinea
2105,male,2008,Guinea
1187,female,2008,Guinea
2156,male,2008,Guinea
1201,female,2008,Guinea
2466,male,2008,Guinea
1305,female,2008,Guinea
2504,male,2008,Guinea
1283,female,2008,Guinea
2480,male,2008,Guinea
1354,female,2008,Guinea
2880,male,2008,Guinea
1584,female,2008,Guinea
3133,male,2008,Guinea
1828,female,2008,Guinea
3350,male,2008,Guinea
1868,female,2008,Guinea
3704,male,2008,Guinea
1924,female,2008,Guinea
3895,male,2008,Guinea
1956,female,2008,Guinea
4199,male,2008,Guinea
1979,female,2008,Guinea
3049,male,2008,Guinea
2589,female,2008,Guinea
3979,male,2008,Guinea
3582,female,2008,Guinea
6390,male,2008,Guinea
1532,female,2008,Guinea
3229,male,2008,Guinea
3948,female,2008,Guinea
6519,male,2008,Guinea
-1,female,2008,Haiti
-1,male,2008,Haiti
1450,female,2008,Haiti
1332,male,2008,Haiti
2522,female,2008,Haiti
2363,male,2008,Haiti
2846,female,2008,Haiti
2939,male,2008,Haiti
2925,female,2008,Haiti
3077,male,2008,Haiti
2691,female,2008,Haiti
2844,male,2008,Haiti
2605,female,2008,Haiti
2612,male,2008,Haiti
2804,female,2008,Haiti
2940,male,2008,Haiti
3327,female,2008,Haiti
3222,male,2008,Haiti
3441,female,2008,Haiti
3071,male,2008,Haiti
3413,female,2008,Haiti
3454,male,2008,Haiti
5420,female,2008,Haiti
5626,male,2008,Haiti
5415,female,2008,Haiti
5653,male,2008,Haiti
5858,female,2008,Haiti
5956,male,2008,Haiti
-1,female,2008,Haiti
-1,male,2008,Haiti
5580,female,2008,Haiti
6163,male,2008,Haiti
6120,female,2008,Haiti
6402,male,2009,Haiti
6464,female,2009,Haiti
6830,male,2009,Haiti
6856,female,2009,Haiti
7555,male,2009,Haiti
846,female,2009,Honduras
1390,male,2009,Honduras
736,female,2009,Honduras
1076,male,2009,Honduras
597,female,2009,Honduras
864,male,2009,Honduras
843,female,2009,Honduras
1130,male,2009,Honduras
879,female,2009,Honduras
1185,male,2009,Honduras
978,female,2009,Honduras
1231,male,2009,Honduras
1259,female,2009,Honduras
1494,male,2009,Honduras
1260,female,2009,Honduras
1496,male,2009,Honduras
835,female,2009,Honduras
987,male,2009,Honduras
783,female,2009,Honduras
1094,male,2009,Honduras
754,female,2009,Honduras
1019,male,2009,Honduras
1051,female,2009,Honduras
1347,male,2009,Honduras
889,female,2009,Honduras
1316,male,2009,Honduras
859,female,2009,Honduras
1296,male,2009,Honduras
844,female,2009,Honduras
1340,male,2009,Honduras
884,female,2009,Honduras
1266,male,2009,Honduras
990,female,2009,Honduras
1436,male,2009,Honduras
870,female,2009,Honduras
1387,male,2009,Honduras
974,female,2009,Honduras
1447,male,2009,Honduras
507,female,2009,India
1351,male,2009,India
1740,female,2009,India
4133,male,2009,India
2318,female,2009,India
4916,male,2009,India
3715,female,2009,India
7911,male,2009,India
15520,female,2009,India
33850,male,2009,India
55660,female,2009,India
122420,male,2009,India
51805,female,2009,India
120979,male,2009,India
102766,female,2009,India
223202,male,2009,India
116525,female,2009,India
259200,male,2009,India
136651,female,2009,India
306732,male,2009,India
146897,female,2009,India
322049,male,2009,India
156872,female,2009,India
351263,male,2009,India
415552,female,2009,India
731540,male,2009,India
170929,female,2009,India
387160,male,2009,India
172407,female,2009,India
392270,male,2009,India
175121,female,2009,India
393451,male,2009,India
179042,female,2009,India
397110,male,2009,India
175431,female,2009,India
389377,male,2009,India
-1,female,2009,India
-1,male,2009,India
968,female,2009,Indonesia
1336,male,2009,Indonesia
4627,female,2009,Indonesia
5915,male,2009,Indonesia
6880,female,2009,Indonesia
9263,male,2009,Indonesia
13161,female,2009,Indonesia
16799,male,2009,Indonesia
24799,female,2009,Indonesia
21685,male,2009,Indonesia
-1,female,2009,Indonesia
-1,male,2009,Indonesia
22020,female,2009,Indonesia
28534,male,2009,Indonesia
30994,female,2009,Indonesia
39834,male,2009,Indonesia
36742,female,2009,Indonesia
49420,male,2009,Indonesia
51067,female,2009,Indonesia
69005,male,2010,Indonesia
61797,female,2010,Indonesia
85878,male,2010,Indonesia
67588,female,2010,Indonesia
95297,male,2010,Indonesia
100051,female,2010,Indonesia
132301,male,2010,Indonesia
104407,female,2010,Indonesia
136913,male,2010,Indonesia
103190,female,2010,Indonesia
137420,male,2010,Indonesia
105573,female,2010,Indonesia
143488,male,2010,Indonesia
112734,female,2010,Indonesia
151715,male,2010,Indonesia
116257,female,2010,Indonesia
156703,male,2010,Indonesia
116680,female,2010,Indonesia
160260,male,2010,Indonesia
3891,female,2010,Iran (Islamic Republic of)
3372,male,2010,Iran (Islamic Republic of)
2133,female,2010,Iran (Islamic Republic of)
1994,male,2010,Iran (Islamic Republic of)
1955,female,2010,Iran (Islamic Republic of)
1980,male,2010,Iran (Islamic Republic of)
1992,female,2010,Iran (Islamic Republic of)
1926,male,2010,Iran (Islamic Republic of)
1863,female,2010,Iran (Islamic Republic of)
1808,male,2010,Iran (Islamic Republic of)
2052,female,2010,Iran (Islamic Republic of)
1931,male,2010,Iran (Islamic Republic of)
2069,female,2010,Iran (Islamic Republic of)
1977,male,2010,Iran (Islamic Republic of)
1902,female,2010,Iran (Islamic Republic of)
1958,male,2010,Iran (Islamic Republic of)
1718,female,2010,Iran (Islamic Republic of)
1913,male,2010,Iran (Islamic Republic of)
1604,female,2010,Iran (Islamic Republic of)
1862,male,2010,Iran (Islamic Republic of)
1427,female,2010,Iran (Islamic Republic of)
1762,male,2010,Iran (Islamic Republic of)
3093,female,2010,Iran (Islamic Republic of)
3243,male,2010,Iran (Islamic Republic of)
3133,female,2010,Iran (Islamic Republic of)
3094,male,2010,Iran (Islamic Republic of)
3145,female,2010,Iran (Islamic Republic of)
3106,male,2010,Iran (Islamic Republic of)
3386,female,2010,Iran (Islamic Republic of)
3248,male,2010,Iran (Islamic Republic of)
3491,female,2010,Iran (Islamic Republic of)
3282,male,2010,Iran (Islamic Republic of)
3724,female,2010,Iran (Islamic Republic of)
3513,male,2010,Iran (Islamic Republic of)
3690,female,2010,Iran (Islamic Republic of)
3651,male,2010,Iran (Islamic Republic of)
3574,female,2010,Iran (Islamic Republic of)
3917,male,2010,Iran (Islamic Republic of)
4113,female,2010,Iraq
5119,male,2010,Iraq
-1,female,2010,Iraq
-1,male,2010,Iraq
3265,female,2010,Iraq
3536,male,2010,Iraq
3606,female,2010,Iraq
3891,male,2010,Iraq
4108,female,2010,Iraq
5097,male,2010,Iraq
952,female,2010,Iraq
1581,male,2010,Iraq
1101,female,2010,Iraq
2194,male,2010,Iraq
1103,female,2010,Iraq
2426,male,2010,Iraq
956,female,2010,Iraq
2351,male,2010,Iraq
991,female,2010,Iraq
2100,male,2010,Iraq
1048,female,2010,Iraq
1763,male,2010,Iraq
2782,female,2010,Iraq
3490,male,2010,Iraq
2707,female,2010,Iraq
3419,male,2010,Iraq
3292,female,2010,Iraq
3688,male,2010,Iraq
3357,female,2010,Iraq
3827,male,2010,Iraq
3582,female,2010,Iraq
3858,male,2010,Iraq
3334,female,2010,Iraq
3314,male,2010,Iraq
3403,female,2010,Iraq
3087,male,2010,Iraq
3383,female,2010,Iraq
3283,male,2010,Iraq
293,female,2010,Italy
636,male,2010,Italy
318,female,2010,Italy
716,male,2010,Italy
409,female,2010,Italy
920,male,2011,Italy
498,female,2011,Italy
1118,male,2011,Italy
242,female,2011,Italy
588,male,2011,Italy
161,female,2011,Italy
346,male,2011,Italy
198,female,2011,Italy
384,male,2011,Italy
246,female,2011,Italy
459,male,2011,Italy
298,female,2011,Italy
607,male,2011,Italy
200,female,2011,Italy
404,male,2011,Italy
325,female,2011,Italy
583,male,2011,Italy
1129,female,2011,Italy
1781,male,2011,Italy
861,female,2011,Italy
1277,male,2011,Italy
955,female,2011,Italy
1498,male,2011,Italy
728,female,2011,Italy
1111,male,2011,Italy
840,female,2011,Italy
1211,male,2011,Italy
628,female,2011,Italy
848,male,2011,Italy
492,female,2011,Italy
702,male,2011,Italy
761,female,2011,Italy
1056,male,2011,Italy
2145,female,2011,Japan
5870,male,2011,Japan
1824,female,2011,Japan
5407,male,2011,Japan
1892,female,2011,Japan
5428,male,2011,Japan
1640,female,2011,Japan
4858,male,2011,Japan
1659,female,2011,Japan
4992,male,2011,Japan
1575,female,2011,Japan
4497,male,2011,Japan
1420,female,2011,Japan
4260,male,2011,Japan
1402,female,2011,Japan
3845,male,2011,Japan
1411,female,2011,Japan
3732,male,2011,Japan
1292,female,2011,Japan
3551,male,2011,Japan
1397,female,2011,Japan
3576,male,2011,Japan
3901,female,2011,Japan
7440,male,2011,Japan
3651,female,2011,Japan
6848,male,2011,Japan
3603,female,2011,Japan
6384,male,2011,Japan
3506,female,2011,Japan
5962,male,2011,Japan
3135,female,2011,Japan
5662,male,2011,Japan
3179,female,2011,Japan
5133,male,2011,Japan
2765,female,2011,Japan
4675,male,2011,Japan
2704,female,2011,Japan
4498,male,2011,Japan
-1,female,2011,Kazakhstan
-1,male,2011,Kazakhstan
-1,female,2011,Kazakhstan
-1,male,2011,Kazakhstan
1457,female,2011,Kazakhstan
2580,male,2011,Kazakhstan
2173,female,2011,Kazakhstan
3764,male,2011,Kazakhstan
2543,female,2011,Kazakhstan
3949,male,2011,Kazakhstan
3154,female,2011,Kazakhstan
5207,male,2011,Kazakhstan
3129,female,2011,Kazakhstan
5440,male,2011,Kazakhstan
3332,female,2011,Kazakhstan
5599,male,2011,Kazakhstan
-1,female,2011,Kazakhstan
-1,male,2011,Kazakhstan
2758,female,2011,Kazakhstan
4698,male,2011,Kazakhstan
2361,female,2011,Kazakhstan
4111,male,2011,Kazakhstan
8734,female,2011,Kazakhstan
11243,male,2011,Kazakhstan
7938,female,2011,Kazakhstan
10514,male,2011,Kazakhstan
7666,female,2011,Kazakhstan
10272,male,2011,Kazakhstan
6746,female,2011,Kazakhstan
8680,male,2012,Kazakhstan
6261,female,2012,Kazakhstan
7940,male,2012,Kazakhstan
5797,female,2012,Kazakhstan
7470,male,2012,Kazakhstan
5309,female,2012,Kazakhstan
7011,male,2012,Kazakhstan
6249,female,2012,Kazakhstan
10993,male,2012,Kazakhstan
4955,female,2012,Kenya
8225,male,2012,Kenya
6250,female,2012,Kenya
9900,male,2012,Kenya
7004,female,2012,Kenya
11170,male,2012,Kenya
9142,female,2012,Kenya
13836,male,2012,Kenya
10551,female,2012,Kenya
15452,male,2012,Kenya
11331,female,2012,Kenya
16200,male,2012,Kenya
12330,female,2012,Kenya
17550,male,2012,Kenya
13715,female,2012,Kenya
19289,male,2012,Kenya
15366,female,2012,Kenya
21088,male,2012,Kenya
16428,female,2012,Kenya
22923,male,2012,Kenya
16305,female,2012,Kenya
22243,male,2012,Kenya
15744,female,2012,Kenya
21416,male,2012,Kenya
15069,female,2012,Kenya
21288,male,2012,Kenya
30424,female,2012,Kenya
39413,male,2012,Kenya
33521,female,2012,Kenya
43705,male,2012,Kenya
32597,female,2012,Kenya
43160,male,2012,Kenya
31181,female,2012,Kenya
43729,male,2012,Kenya
30024,female,2012,Kenya
42063,male,2012,Kenya
26837,female,2012,Kenya
39326,male,2012,Kenya
231,female,2012,Kyrgyzstan
548,male,2012,Kyrgyzstan
282,female,2012,Kyrgyzstan
638,male,2012,Kyrgyzstan
363,female,2012,Kyrgyzstan
1175,male,2012,Kyrgyzstan
253,female,2012,Kyrgyzstan
540,male,2012,Kyrgyzstan
482,female,2012,Kyrgyzstan
1063,male,2012,Kyrgyzstan
445,female,2012,Kyrgyzstan
727,male,2012,Kyrgyzstan
496,female,2012,Kyrgyzstan
893,male,2012,Kyrgyzstan
531,female,2012,Kyrgyzstan
901,male,2012,Kyrgyzstan
604,female,2012,Kyrgyzstan
936,male,2012,Kyrgyzstan
621,female,2012,Kyrgyzstan
985,male,2012,Kyrgyzstan
695,female,2012,Kyrgyzstan
1079,male,2012,Kyrgyzstan
645,female,2012,Kyrgyzstan
1042,male,2012,Kyrgyzstan
657,female,2012,Kyrgyzstan
951,male,2012,Kyrgyzstan
1795,female,2012,Kyrgyzstan
2587,male,2012,Kyrgyzstan
1926,female,2012,Kyrgyzstan
2660,male,2012,Kyrgyzstan
1965,female,2012,Kyrgyzstan
2521,male,2012,Kyrgyzstan
585,female,2012,Kyrgyzstan
853,male,2012,Kyrgyzstan
1983,female,2012,Kyrgyzstan
2949,male,2012,Kyrgyzstan
2072,female,2012,Kyrgyzstan
2848,male,2012,Kyrgyzstan
273,female,2012,Lao People's Democratic Republic
363,male,2012,Lao People's Democratic Republic
296,female,2012,Lao People's Democratic Republic
477,male,2012,Lao People's Democratic Republic
435,female,2012,Lao People's Democratic Republic
617,male,2012,Lao People's Democratic Republic
500,female,2012,Lao People's Democratic Republic
767,male,2012,Lao People's Democratic Republic
556,female,2012,Lao People's Democratic Republic
855,male,2012,Lao People's Democratic Republic
498,female,2012,Lao People's Democratic Republic
764,male,2012,Lao People's Democratic Republic
513,female,2012,Lao People's Democratic Republic
799,male,2012,Lao People's Democratic Republic
633,female,2012,Lao People's Democratic Republic
915,male,2013,Lao People's Democratic Republic
616,female,2013,Lao People's Democratic Republic
943,male,2013,Lao People's Democratic Republic
702,female,2013,Lao People's Democratic Republic
1109,male,2013,Lao People's Democratic Republic
928,female,2013,Lao People's Democratic Republic
1328,male,2013,Lao People's Democratic Republic
976,female,2013,Lao People's Democratic Republic
1481,male,2013,Lao People's Democratic Republic
1015,female,2013,Lao People's Democratic Republic
1494,male,2013,Lao People's Democratic Republic
959,female,2013,Lao People's Democratic Republic
1539,male,2013,Lao People's Democratic Republic
992,female,2013,Lao People's Democratic Republic
1467,male,2013,Lao People's Democratic Republic
1207,female,2013,Lao People's Democratic Republic
1831,male,2013,Lao People's Democratic Republic
1313,female,2013,Lao People's Democratic Republic
2034,male,2013,Lao People's Democratic Republic
1233,female,2013,Lao People's Democratic Republic
1877,male,2013,Lao People's Democratic Republic
1206,female,2013,Lao People's Democratic Republic
1964,male,2013,Lao People's Democratic Republic
368,female,2013,Lesotho
863,male,2013,Lesotho
520,female,2013,Lesotho
1134,male,2013,Lesotho
751,female,2013,Lesotho
1515,male,2013,Lesotho
703,female,2013,Lesotho
1647,male,2013,Lesotho
-1,female,2013,Lesotho
-1,male,2013,Lesotho
872,female,2013,Lesotho
1733,male,2013,Lesotho
-1,female,2013,Lesotho
-1,male,2013,Lesotho
1124,female,2013,Lesotho
1858,male,2013,Lesotho
1486,female,2013,Lesotho
2110,male,2013,Lesotho
1743,female,2013,Lesotho
2364,male,2013,Lesotho
2354,female,2013,Lesotho
1717,male,2013,Lesotho
1703,female,2013,Lesotho
2064,male,2013,Lesotho
358,female,2013,Lesotho
379,male,2013,Lesotho
1623,female,2013,Lesotho
2002,male,2013,Lesotho
4654,female,2013,Lesotho
5577,male,2013,Lesotho
4312,female,2013,Lesotho
5385,male,2013,Lesotho
4448,female,2013,Lesotho
5193,male,2013,Lesotho
4307,female,2013,Lesotho
4844,male,2013,Lesotho
3463,female,2013,Lesotho
4319,male,2013,Lesotho
-1,female,2013,Liberia
-1,male,2013,Liberia
237,female,2013,Liberia
333,male,2013,Liberia
-1,female,2013,Liberia
-1,male,2013,Liberia
484,female,2013,Liberia
643,male,2013,Liberia
-1,female,2013,Liberia
-1,male,2013,Liberia
421,female,2013,Liberia
525,male,2013,Liberia
380,female,2013,Liberia
497,male,2013,Liberia
783,female,2013,Liberia
1065,male,2013,Liberia
510,female,2013,Liberia
747,male,2013,Liberia
1012,female,2013,Liberia
1314,male,2013,Liberia
860,female,2013,Liberia
1154,male,2013,Liberia
1667,female,2013,Liberia
2102,male,2013,Liberia
-1,female,2013,Liberia
-1,male,2013,Liberia
1187,female,2013,Liberia
1550,male,2013,Liberia
1664,female,2013,Liberia
2262,male,2013,Liberia
2531,female,2013,Liberia
2514,male,2013,Liberia
2938,female,2013,Liberia
3757,male,2013,Liberia
3064,female,2013,Liberia
3804,male,2013,Liberia
1373,female,2013,Liberia
2179,male,2013,Liberia
3221,female,2013,Madagascar
4306,male,,Madagascar
3173,female,,Madagascar
4641,male,,Madagascar
-1,female,,Madagascar
-1,male,,Madagascar
3552,female,,Madagascar
5106,male,,Madagascar
-1,female,,Madagascar
-1,male,,Madagascar
-1,female,,Madagascar
-1,male,,Madagascar
4288,female,,Madagascar
5953,male,,Madagascar
4187,female,,Madagascar
5963,male,,Madagascar
5051,female,,Madagascar
7054,male,,Madagascar
3654,female,,Madagascar
5621,male,,Madagascar
4372,female,,Madagascar
6689,male,,Madagascar
6073,female,,Madagascar
8591,male,,Madagascar
7773,female,,Madagascar
10357,male,,Madagascar
5925,female,,Madagascar
8411,male,,Madagascar
6137,female,,Madagascar
12670,male,,Madagascar
6283,female,,Madagascar
13218,male,,Madagascar
6700,female,,Madagascar
10048,male,,Madagascar
6376,female,,Madagascar
9645,male,,Madagascar
-1,female,,Madagascar
-1,male,,Madagascar
2805,female,,Malawi
3255,male,,Malawi
3269,female,,Malawi
3640,male,,Malawi
3553,female,,Malawi
3766,male,,Malawi
4168,female,,Malawi
4340,male,,Malawi
3846,female,,Malawi
3973,male,,Malawi
3899,female,,Malawi
4072,male,,Malawi
3975,female,,Malawi
4036,male,,Malawi
-1,female,,Malawi
-1,male,,Malawi
3813,female,,Malawi
3604,male,,Malawi
4216,female,,Malawi
4005,male,,Malawi
3936,female,,Malawi
4134,male,,Malawi
3737,female,,Malawi
4032,male,,Malawi
3468,female,,Malawi
3728,male,,Malawi
3298,female,,Malawi
3896,male,,Malawi
3135,female,,Malawi
4057,male,,Malawi
2979,female,,Malawi
3819,male,,Malawi
2824,female,,Malawi
3733,male,,Malawi
2658,female,,Malawi
3846,male,,Malawi
6190,female,,Malawi
7698,male,,Malawi
1704,female,,Malaysia
3456,male,,Malaysia
1860,female,,Malaysia
4149,male,,Malaysia
1882,female,,Malaysia
3894,male,,Malaysia
1930,female,,Malaysia
4108,male,,Malaysia
2130,female,,Malaysia
4870,male,,Malaysia
2175,female,,Malaysia
4731,male,,Malaysia
2188,female,,Malaysia
5077,male,,Malaysia
2164,female,,Malaysia
4605,male,,Malaysia
4123,female,,Malaysia
8530,male,,Malaysia
4090,female,,Malaysia
8819,male,,Malaysia
4454,female,,Malaysia
9081,male,,Malaysia
2042,female,,Malaysia
4381,male,,Malaysia
4415,female,,Malaysia
8830,male,,Malaysia
4876,female,,Malaysia
9967,male,,Malaysia
-1,female,,Malaysia
-1,male,,Malaysia
5110,female,,Malaysia
10236,male,,Malaysia
5600,female,,Malaysia
10750,male,,Malaysia
6282,female,,Malaysia
11493,male,,Malaysia
6983,female,,Malaysia
12561,male,,Malaysia
612,female,,Mali
1042,male,,Mali
624,female,,Mali
1337,male,,Mali
780,female,,Mali
1890,male,,Mali
741,female,,Mali
1635,male,,Mali
793,female,,Mali
1670,male,,Mali
739,female,,Mali
1564,male,,Mali
-1,female,,Mali
-1,male,,Mali
818,female,,Mali
1784,male,,Mali
858,female,,Mali
1936,male,,Mali
914,female,,Mali
1894,male,,Mali
1054,female,,Mali
2145,male,,Mali
1154,female,,Mali
2668,male,,Mali
1179,female,,Mali
3392,male,,Mali
1585,female,,Mali
2719,male,,Mali
1589,female,,Mali
3114,male,,Mali
1089,female,,Mali
2195,male,,Mali
1136,female,,Mali
2276,male,,Mali
1062,female,,Mali
2317,male,,Mali
1140,female,,Mali
2321,male,,Mali
-1,female,,Mexico
-1,male,,Mexico
2947,female,,Mexico
4326,male,,Mexico
-1,female,,Mexico
-1,male,,Mexico
3884,female,,Mexico
5615,male,,Mexico
3466,female,,Mexico
5149,male,,Mexico
3616,female,,Mexico
5835,male,,Mexico
4708,female,,Mexico
7605,male,,Mexico
3560,female,,Mexico
5815,male,,Mexico
3966,female,,Mexico
6403,male,,Mexico
3423,female,,Mexico
5669,male,,Mexico
3635,female,,Mexico
6065,male,,Mexico
5401,female,,Mexico
8055,male,,Mexico
5473,female,,Mexico
8387,male,,Mexico
5142,female,,Mexico
7646,male,,Mexico
4934,female,,Mexico
7880,male,,Mexico
5732,female,,Mexico
9212,male,,Mexico
5811,female,,Mexico
9416,male,,Mexico
5959,female,,Mexico
9683,male,,Mexico
6270,female,,Mexico
10461,male,,Mexico
205,female,,Mongolia
310,male,,Mongolia
303,female,,Mongolia
410,male,,Mongolia
348,female,,Mongolia
779,male,,Mongolia
551,female,,Mongolia
719,male,,Mongolia
631,female,,Mongolia
802,male,,Mongolia
593,female,,Mongolia
718,male,,Mongolia
714,female,,Mongolia
815,male,,Mongolia
726,female,,Mongolia
849,male,,Mongolia
712,female,,Mongolia
742,male,,Mongolia
780,female,,Mongolia
938,male,,Mongolia
830,female,,Mongolia
955,male,,Mongolia
922,female,,Mongolia
1114,male,,Mongolia
778,female,,Mongolia
988,male,,Mongolia
757,female,,Mongolia
994,male,,Mongolia
769,female,,Mongolia
964,male,,Mongolia
1732,female,,Mongolia
1931,male,,Mongolia
1549,female,,Mongolia
1915,male,,Mongolia
1516,female,,Mongolia
1949,male,,Mongolia
1634,female,,Mongolia
2154,male,,Mongolia
4477,female,,Morocco
8509,male,,Morocco
4511,female,,Morocco
8557,male,,Morocco
4715,female,,Morocco
8230,male,,Morocco
4243,female,,Morocco
8028,male,,Morocco
4285,female,,Morocco
8007,male,,Morocco
4127,female,,Morocco
7529,male,,Morocco
3920,female,,Morocco
7677,male,,Morocco
4084,female,,Morocco
7644,male,,Morocco
3914,female,,Morocco
7768,male,,Morocco
3398,female,,Morocco
7801,male,,Morocco
3565,female,,Morocco
7957,male,,Morocco
8873,female,,Morocco
12913,male,,Morocco
8433,female,,Morocco
12938,male,,Morocco
8357,female,,Morocco
12875,male,,Morocco
8728,female,,Morocco
13102,male,,Morocco
9042,female,,Morocco
13920,male,,Morocco
9470,female,,Morocco
13599,male,,Morocco
9499,female,,Morocco
13772,male,,Morocco
9418,female,,Morocco
13991,male,,Morocco
4109,female,,Mozambique
5635,male,,Mozambique
4127,female,,Mozambique
5656,male,,Mozambique
4401,female,,Mozambique
5983,male,,Mozambique
-1,female,,Mozambique
-1,male,,Mozambique
-1,female,,Mozambique
-1,male,,Mozambique
-1,female,,Mozambique
-1,male,,Mozambique
-1,female,,Mozambique
-1,male,,Mozambique
-1,female,,Mozambique
-1,male,,Mozambique
-1,female,,Mozambique
-1,male,,Mozambique
-1,female,,Mozambique
-1,male,,Mozambique
-1,female,,Mozambique
-1,male,,Mozambique
-1,female,,Mozambique
-1,male,,Mozambique
-1,female,,Mozambique
-1,male,,Mozambique
-1,female,,Mozambique
-1,male,,Mozambique
-1,female,,Mozambique
-1,male,,Mozambique
-1,female,,Mozambique
-1,male,,Mozambique
-1,female,,Mozambique
-1,male,,Mozambique
-1,female,,Mozambique
-1,male,,Mozambique
-1,female,,Mozambique
-1,male,,Mozambique
2786,female,,Myanmar
5191,male,,Myanmar
3298,female,,Myanmar
5721,male,,Myanmar
2933,female,,Myanmar
5347,male,,Myanmar
3462,female,,Myanmar
5823,male,,Myanmar
3799,female,,Myanmar
6740,male,,Myanmar
5608,female,,Myanmar
10272,male,,Myanmar
6628,female,,Myanmar
12473,male,,Myanmar
7558,female,,Myanmar
14820,male,,Myanmar
8660,female,,Myanmar
16614,male,,Myanmar
9792,female,,Myanmar
19120,male,,Myanmar
11305,female,,Myanmar
22308,male,,Myanmar
12341,female,,Myanmar
24567,male,,Myanmar
13304,female,,Myanmar
25645,male,,Myanmar
12851,female,,Myanmar
24762,male,,Myanmar
12744,female,,Myanmar
25017,male,,Myanmar
13021,female,,Myanmar
25548,male,,Myanmar
13042,female,,Myanmar
25058,male,,Myanmar
13069,female,,Myanmar
25412,male,,Myanmar
-1,female,,Myanmar
-1,male,,Myanmar
194,female,,Namibia
492,male,,Namibia
983,female,,Namibia
1657,male,,Namibia
1085,female,,Namibia
1959,male,,Namibia
1325,female,,Namibia
2042,male,,Namibia
1406,female,,Namibia
2163,male,,Namibia
1591,female,,Namibia
2255,male,,Namibia
1786,female,,Namibia
2515,male,,Namibia
1909,female,,Namibia
2556,male,,Namibia
2273,female,,Namibia
2926,male,,Namibia
2082,female,,Namibia
2807,male,,Namibia
2041,female,,Namibia
2767,male,,Namibia
2212,female,,Namibia
2758,male,,Namibia
2100,female,,Namibia
2669,male,,Namibia
1941,female,,Namibia
2672,male,,Namibia
1780,female,,Namibia
2496,male,,Namibia
1824,female,,Namibia
2324,male,,Namibia
1775,female,,Namibia
2354,male,,Namibia
3441,female,,Namibia
4678,male,,Namibia
3200,female,,Namibia
4627,male,,Namibia
-1,female,,Nepal
-1,male,,Nepal
2599,female,,Nepal
5730,male,,Nepal
-1,female,,Nepal
-1,male,,Nepal
3197,female,,Nepal
6819,male,,Nepal
3995,female,,Nepal
8081,male,,Nepal
4172,female,,Nepal
8165,male,,Nepal
4141,female,,Nepal
8200,male,,Nepal
4010,female,,Nepal
8417,male,,Nepal
4358,female,,Nepal
8724,male,,Nepal
4486,female,,Nepal
8841,male,,Nepal
4306,female,,Nepal
8918,male,,Nepal
4085,female,,Nepal
8588,male,,Nepal
4166,female,,Nepal
8687,male,,Nepal
3509,female,,Nepal
6338,male,,Nepal
4344,female,,Nepal
9384,male,,Nepal
4355,female,,Nepal
9379,male,,Nepal
4140,female,,Nepal
8834,male,,Nepal
4210,female,,Nepal
8787,male,,Nepal
4298,female,,Nepal
8547,male,,Nepal
636,female,,Nicaragua
747,male,,Nicaragua
676,female,,Nicaragua
836,male,,Nicaragua
690,female,,Nicaragua
789,male,,Nicaragua
656,female,,Nicaragua
769,male,,Nicaragua
585,female,,Nicaragua
796,male,,Nicaragua
581,female,,Nicaragua
687,male,,Nicaragua
572,female,,Nicaragua
723,male,,Nicaragua
492,female,,Nicaragua
662,male,,Nicaragua
540,female,,Nicaragua
695,male,,Nicaragua
522,female,,Nicaragua
636,male,,Nicaragua
475,female,,Nicaragua
605,male,,Nicaragua
505,female,,Nicaragua
630,male,,Nicaragua
654,female,,Nicaragua
837,male,,Nicaragua
580,female,,Nicaragua
782,male,,Nicaragua
906,female,,Nicaragua
1264,male,,Nicaragua
520,female,,Nicaragua
684,male,,Nicaragua
539,female,,Nicaragua
833,male,,Nicaragua
0,female,,Nicaragua
0,male,,Nicaragua
716,female,,Nicaragua
688,male,,Nicaragua
-1,female,,Niger
-1,male,,Niger
-1,female,,Niger
-1,male,,Niger
321,female,,Niger
908,male,,Niger
510,female,,Niger
1521,male,,Niger
-1,female,,Niger
-1,male,,Niger
711,female,,Niger
1288,male,,Niger
-1,female,,Niger
-1,male,,Niger
-1,female,,Niger
-1,male,,Niger
1096,female,,Niger
3126,male,,Niger
-1,female,,Niger
-1,male,,Niger
1286,female,,Niger
3427,male,,Niger
1359,female,,Niger
3557,male,,Niger
1427,female,,Niger
3891,male,,Niger
1363,female,,Niger
3955,male,,Niger
1499,female,,Niger
4305,male,,Niger
1449,female,,Niger
4274,male,,Niger
1524,female,,Niger
4489,male,,Niger
1498,female,,Niger
4778,male,,Niger
1596,female,,Niger
4926,male,,Niger
3785,female,,Nigeria
3871,male,,Nigeria
6711,female,,Nigeria
7784,male,,Nigeria
4545,female,,Nigeria
5960,male,,Nigeria
5403,female,,Nigeria
6963,male,,Nigeria
-1,female,,Nigeria
-1,male,,Nigeria
7498,female,,Nigeria
8830,male,,Nigeria
7432,female,,Nigeria
9490,male,,Nigeria
8092,female,,Nigeria
10324,male,,Nigeria
11018,female,,Nigeria
15486,male,,Nigeria
12927,female,,Nigeria
18117,male,,Nigeria
13423,female,,Nigeria
19453,male,,Nigeria
14918,female,,Nigeria
22911,male,,Nigeria
16674,female,,Nigeria
24188,male,,Nigeria
17329,female,,Nigeria
25446,male,,Nigeria
16667,female,,Nigeria
24789,male,,Nigeria
16616,female,,Nigeria
25639,male,,Nigeria
17066,female,,Nigeria
27097,male,,Nigeria
19031,female,,Nigeria
30130,male,,Nigeria
35678,female,,Nigeria
52257,male,,Nigeria
1344,female,,Pakistan
946,male,,Pakistan
-1,female,,Pakistan
-1,male,,Pakistan
-1,female,,Pakistan
-1,male,,Pakistan
1801,female,,Pakistan
1939,male,,Pakistan
1118,female,,Pakistan
845,male,,Pakistan
1547,female,,Pakistan
1526,male,,Pakistan
3245,female,,Pakistan
3915,male,,Pakistan
6949,female,,Pakistan
6945,male,,Pakistan
9272,female,,Pakistan
9742,male,,Pakistan
13533,female,,Pakistan
14183,male,,Pakistan
20987,female,,Pakistan
21466,male,,Pakistan
27559,female,,Pakistan
29599,male,,Pakistan
37597,female,,Pakistan
39600,male,,Pakistan
42610,female,,Pakistan
44012,male,,Pakistan
43538,female,,Pakistan
45016,male,,Pakistan
44032,female,,Pakistan
45545,male,,Pakistan
44783,female,,Pakistan
47021,male,,Pakistan
46980,female,,Pakistan
49070,male,,Pakistan
-1,female,,Pakistan
-1,male,,Pakistan
229,female,,Paraguay
362,male,,Paraguay
319,female,,Paraguay
417,male,,Paraguay
319,female,,Paraguay
391,male,,Paraguay
249,female,,Paraguay
445,male,,Paraguay
303,female,,Paraguay
564,male,,Paraguay
267,female,,Paraguay
486,male,,Paraguay
290,female,,Paraguay
468,male,,Paraguay
312,female,,Paraguay
541,male,,Paraguay
325,female,,Paraguay
650,male,,Paraguay
375,female,,Paraguay
622,male,,Paraguay
337,female,,Paraguay
693,male,,Paraguay
583,female,,Paraguay
1119,male,,Paraguay
485,female,,Paraguay
1090,male,,Paraguay
491,female,,Paraguay
1167,male,,Paraguay
523,female,,Paraguay
1195,male,,Paraguay
497,female,,Paraguay
1069,male,,Paraguay
509,female,,Paraguay
1137,male,,Paraguay
499,female,,Paraguay
1089,male,,Paraguay
521,female,,Paraguay
1277,male,,Paraguay
2459,female,,Peru
3136,male,,Peru
2050,female,,Peru
3011,male,,Peru
9892,female,,Peru
14753,male,,Peru
10108,female,,Peru
14521,male,,Peru
10752,female,,Peru
10930,male,,Peru
8422,female,,Peru
11553,male,,Peru
8620,female,,Peru
11850,male,,Peru
1660,female,,Peru
2261,male,,Peru
1511,female,,Peru
1964,male,,Peru
7405,female,,Peru
8943,male,,Peru
6863,female,,Peru
9701,male,,Peru
6966,female,,Peru
10025,male,,Peru
6629,female,,Peru
9066,male,,Peru
6519,female,,Peru
8932,male,,Peru
-1,female,,Peru
-1,male,,Peru
-1,female,,Peru
-1,male,,Peru
-1,female,,Peru
-1,male,,Peru
-1,female,,Peru
-1,male,,Peru
8783,female,,Peru
14067,male,,Peru
117,female,,Philippines
253,male,,Philippines
70,female,,Philippines
209,male,,Philippines
530,female,,Philippines
1212,male,,Philippines
479,female,,Philippines
1267,male,,Philippines
-1,female,,Philippines
-1,male,,Philippines
-1,female,,Philippines
-1,male,,Philippines
-1,female,,Philippines
-1,male,,Philippines
-1,female,,Philippines
-1,male,,Philippines
19388,female,,Philippines
44278,male,,Philippines
21142,female,,Philippines
48288,male,,Philippines
22420,female,,Philippines
52063,male,,Philippines
24205,female,,Philippines
53860,male,,Philippines
23199,female,,Philippines
55442,male,,Philippines
22717,female,,Philippines
55062,male,,Philippines
23966,female,,Philippines
57186,male,,Philippines
23587,female,,Philippines
57834,male,,Philippines
24905,female,,Philippines
60573,male,,Philippines
25315,female,,Philippines
60142,male,,Philippines
25781,female,,Philippines
61252,male,,Philippines
735,female,,Poland
2146,male,,Poland
1280,female,,Poland
3973,male,,Poland
641,female,,Poland
2131,male,,Poland
690,female,,Poland
2075,male,,Poland
596,female,,Poland
1943,male,,Poland
720,female,,Poland
2357,male,,Poland
604,female,,Poland
1860,male,,Poland
600,female,,Poland
1772,male,,Poland
548,female,,Poland
1721,male,,Poland
551,female,,Poland
1642,male,,Poland
563,female,,Poland
1628,male,,Poland
1700,female,,Poland
3883,male,,Poland
1700,female,,Poland
3951,male,,Poland
1518,female,,Poland
3726,male,,Poland
1579,female,,Poland
3762,male,,Poland
1399,female,,Poland
3533,male,,Poland
1623,female,,Poland
3822,male,,Poland
1396,female,,Poland
3458,male,,Poland
1380,female,,Poland
3708,male,,Poland
473,female,,Portugal
1279,male,,Portugal
435,female,,Portugal
1216,male,,Portugal
373,female,,Portugal
1098,male,,Portugal
492,female,,Portugal
1256,male,,Portugal
376,female,,Portugal
1157,male,,Portugal
421,female,,Portugal
1219,male,,Portugal
419,female,,Portugal
1168,male,,Portugal
389,female,,Portugal
1310,male,,Portugal
410,female,,Portugal
1090,male,,Portugal
314,female,,Portugal
1005,male,,Portugal
282,female,,Portugal
867,male,,Portugal
776,female,,Portugal
1644,male,,Portugal
692,female,,Portugal
1576,male,,Portugal
668,female,,Portugal
1409,male,,Portugal
693,female,,Portugal
1348,male,,Portugal
625,female,,Portugal
1325,male,,Portugal
583,female,,Portugal
1313,male,,Portugal
636,female,,Portugal
1213,male,,Portugal
613,female,,Portugal
1181,male,,Portugal
2906,female,,Republic of Korea
6683,male,,Republic of Korea
2874,female,,Republic of Korea
6528,male,,Republic of Korea
2513,female,,Republic of Korea
5483,male,,Republic of Korea
2559,female,,Republic of Korea
5713,male,,Republic of Korea
2321,female,,Republic of Korea
5102,male,,Republic of Korea
1998,female,,Republic of Korea
4478,male,,Republic of Korea
2934,female,,Republic of Korea
6172,male,,Republic of Korea
2780,female,,Republic of Korea
5807,male,,Republic of Korea
2721,female,,Republic of Korea
5404,male,,Republic of Korea
2702,female,,Republic of Korea
5614,male,,Republic of Korea
2666,female,,Republic of Korea
5525,male,,Republic of Korea
10048,female,,Republic of Korea
16098,male,,Republic of Korea
9970,female,,Republic of Korea
15483,male,,Republic of Korea
9493,female,,Republic of Korea
14932,male,,Republic of Korea
10040,female,,Republic of Korea
15337,male,,Republic of Korea
10866,female,,Republic of Korea
16290,male,,Republic of Korea
10991,female,,Republic of Korea
16305,male,,Republic of Korea
10176,female,,Republic of Korea
16239,male,,Republic of Korea
10359,female,,Republic of Korea
16869,male,,Republic of Korea
140,female,,Republic of Moldova
496,male,,Republic of Moldova
49,female,,Republic of Moldova
157,male,,Republic of Moldova
92,female,,Republic of Moldova
284,male,,Republic of Moldova
103,female,,Republic of Moldova
347,male,,Republic of Moldova
116,female,,Republic of Moldova
469,male,,Republic of Moldova
130,female,,Republic of Moldova
145,male,,Republic of Moldova
212,female,,Republic of Moldova
799,male,,Republic of Moldova
243,female,,Republic of Moldova
846,male,,Republic of Moldova
292,female,,Republic of Moldova
873,male,,Republic of Moldova
326,female,,Republic of Moldova
1127,male,,Republic of Moldova
330,female,,Republic of Moldova
1312,male,,Republic of Moldova
363,female,,Republic of Moldova
1244,male,,Republic of Moldova
1051,female,,Republic of Moldova
2734,male,,Republic of Moldova
1025,female,,Republic of Moldova
2582,male,,Republic of Moldova
1020,female,,Republic of Moldova
2432,male,,Republic of Moldova
959,female,,Republic of Moldova
2478,male,,Republic of Moldova
993,female,,Republic of Moldova
2513,male,,Republic of Moldova
993,female,,Republic of Moldova
2466,male,,Republic of Moldova
1086,female,,Republic of Moldova
3017,male,,Republic of Moldova
4338,female,,Romania
11930,male,,Romania
2465,female,,Romania
8234,male,,Romania
2543,female,,Romania
8332,male,,Romania
2384,female,,Romania
7619,male,,Romania
2453,female,,Romania
6980,male,,Romania
2499,female,,Romania
6739,male,,Romania
2654,female,,Romania
7360,male,,Romania
2515,female,,Romania
7046,male,,Romania
2515,female,,Romania
6799,male,,Romania
2713,female,,Romania
7014,male,,Romania
2624,female,,Romania
7000,male,,Romania
5775,female,,Romania
11470,male,,Romania
5224,female,,Romania
10635,male,,Romania
4895,female,,Romania
10611,male,,Romania
4548,female,,Romania
9974,male,,Romania
4137,female,,Romania
8871,male,,Romania
3906,female,,Romania
7802,male,,Romania
3520,female,,Romania
7603,male,,Romania
3834,female,,Romania
8723,male,,Romania
-1,female,,Russian Federation
-1,male,,Russian Federation
36,female,,Russian Federation
218,male,,Russian Federation
113,female,,Russian Federation
479,male,,Russian Federation
116,female,,Russian Federation
507,male,,Russian Federation
3685,female,,Russian Federation
16643,male,,Russian Federation
259,female,,Russian Federation
1970,male,,Russian Federation
5190,female,,Russian Federation
19814,male,,Russian Federation
5660,female,,Russian Federation
20465,male,,Russian Federation
6189,female,,Russian Federation
20857,male,,Russian Federation
7088,female,,Russian Federation
21819,male,,Russian Federation
-1,female,,Russian Federation
-1,male,,Russian Federation
7476,female,,Russian Federation
22924,male,,Russian Federation
30960,female,,Russian Federation
79017,male,,Russian Federation
31617,female,,Russian Federation
79003,male,,Russian Federation
31331,female,,Russian Federation
76373,male,,Russian Federation
27807,female,,Russian Federation
68559,male,,Russian Federation
28213,female,,Russian Federation
67214,male,,Russian Federation
26268,female,,Russian Federation
62332,male,,Russian Federation
24165,female,,Russian Federation
58031,male,,Russian Federation
-1,female,,Rwanda
-1,male,,Rwanda
738,female,,Rwanda
1154,male,,Rwanda
896,female,,Rwanda
1750,male,,Rwanda
-1,female,,Rwanda
-1,male,,Rwanda
697,female,,Rwanda
1493,male,,Rwanda
1339,female,,Rwanda
2786,male,,Rwanda
-1,female,,Rwanda
-1,male,,Rwanda
306,female,,Rwanda
564,male,,Rwanda
933,female,,Rwanda
1658,male,,Rwanda
1425,female,,Rwanda
2402,male,,Rwanda
1404,female,,Rwanda
2349,male,,Rwanda
1431,female,,Rwanda
2547,male,,Rwanda
1391,female,,Rwanda
2404,male,,Rwanda
1434,female,,Rwanda
2476,male,,Rwanda
1372,female,,Rwanda
2584,male,,Rwanda
1301,female,,Rwanda
2224,male,,Rwanda
1224,female,,Rwanda
2304,male,,Rwanda
1110,female,,Rwanda
2217,male,,Rwanda
1788,female,,Rwanda
3125,male,,Rwanda
-1,female,,Saudi Arabia
-1,male,,Saudi Arabia
-1,female,,Saudi Arabia
-1,male,,Saudi Arabia
-1,female,,Saudi Arabia
-1,male,,Saudi Arabia
255,female,,Saudi Arabia
422,male,,Saudi Arabia
624,female,,Saudi Arabia
969,male,,Saudi Arabia
534,female,,Saudi Arabia
856,male,,Saudi Arabia
495,female,,Saudi Arabia
722,male,,Saudi Arabia
563,female,,Saudi Arabia
910,male,,Saudi Arabia
575,female,,Saudi Arabia
882,male,,Saudi Arabia
555,female,,Saudi Arabia
960,male,,Saudi Arabia
611,female,,Saudi Arabia
904,male,,Saudi Arabia
1326,female,,Saudi Arabia
1801,male,,Saudi Arabia
1447,female,,Saudi Arabia
1853,male,,Saudi Arabia
1580,female,,Saudi Arabia
1779,male,,Saudi Arabia
1399,female,,Saudi Arabia
2047,male,,Saudi Arabia
1456,female,,Saudi Arabia
2324,male,,Saudi Arabia
1327,female,,Saudi Arabia
2091,male,,Saudi Arabia
1177,female,,Saudi Arabia
1982,male,,Saudi Arabia
993,female,,Saudi Arabia
2063,male,,Saudi Arabia
1501,female,,Senegal
3457,male,,Senegal
1670,female,,Senegal
3778,male,,Senegal
1500,female,,Senegal
3514,male,,Senegal
1442,female,,Senegal
3548,male,,Senegal
1463,female,,Senegal
3197,male,,Senegal
1761,female,,Senegal
3675,male,,Senegal
1721,female,,Senegal
3885,male,,Senegal
1713,female,,Senegal
3666,male,,Senegal
1961,female,,Senegal
4163,male,,Senegal
1779,female,,Senegal
4234,male,,Senegal
1929,female,,Senegal
4322,male,,Senegal
1936,female,,Senegal
4494,male,,Senegal
2104,female,,Senegal
4528,male,,Senegal
2221,female,,Senegal
4892,male,,Senegal
2185,female,,Senegal
5160,male,,Senegal
2163,female,,Senegal
5035,male,,Senegal
2185,female,,Senegal
4997,male,,Senegal
2352,female,,Senegal
5573,male,,Senegal
-1,female,,Senegal
-1,male,,Senegal
557,female,,Sierra Leone
836,male,,Sierra Leone
835,female,,Sierra Leone
1268,male,,Sierra Leone
869,female,,Sierra Leone
1330,male,,Sierra Leone
875,female,,Sierra Leone
1278,male,,Sierra Leone
-1,female,,Sierra Leone
-1,male,,Sierra Leone
913,female,,Sierra Leone
1437,male,,Sierra Leone
986,female,,Sierra Leone
1573,male,,Sierra Leone
1147,female,,Sierra Leone
1653,male,,Sierra Leone
1150,female,,Sierra Leone
1809,male,,Sierra Leone
1322,female,,Sierra Leone
2174,male,,Sierra Leone
1544,female,,Sierra Leone
2556,male,,Sierra Leone
1586,female,,Sierra Leone
2707,male,,Sierra Leone
1832,female,,Sierra Leone
5630,male,,Sierra Leone
1992,female,,Sierra Leone
3463,male,,Sierra Leone
2081,female,,Sierra Leone
3616,male,,Sierra Leone
2419,female,,Sierra Leone
3953,male,,Sierra Leone
2579,female,,Sierra Leone
4263,male,,Sierra Leone
2823,female,,Sierra Leone
4652,male,,Sierra Leone
2601,female,,Sierra Leone
4325,male,,Sierra Leone
459,female,,Somalia
1670,male,,Somalia
641,female,,Somalia
1494,male,,Somalia
920,female,,Somalia
1893,male,,Somalia
919,female,,Somalia
1820,male,,Somalia
968,female,,Somalia
2054,male,,Somalia
1074,female,,Somalia
2321,male,,Somalia
1337,female,,Somalia
2822,male,,Somalia
1500,female,,Somalia
2747,male,,Somalia
1662,female,,Somalia
2986,male,,Somalia
2145,female,,Somalia
3642,male,,Somalia
2328,female,,Somalia
3970,male,,Somalia
3570,female,,Somalia
6273,male,,Somalia
1924,female,,Somalia
3528,male,,Somalia
2106,female,,Somalia
3711,male,,Somalia
1896,female,,Somalia
3401,male,,Somalia
1577,female,,Somalia
3039,male,,Somalia
1736,female,,Somalia
3509,male,,Somalia
1935,female,,Somalia
3466,male,,Somalia
2141,female,,Somalia
3599,male,,Somalia
-1,female,,South Africa
-1,male,,South Africa
-1,female,,South Africa
-1,male,,South Africa
-1,female,,South Africa
-1,male,,South Africa
-1,female,,South Africa
-1,male,,South Africa
3608,female,,South Africa
5555,male,,South Africa
4522,female,,South Africa
6438,male,,South Africa
8281,female,,South Africa
11402,male,,South Africa
28160,female,,South Africa
41423,male,,South Africa
44726,female,,South Africa
61505,male,,South Africa
51049,female,,South Africa
67386,male,,South Africa
52081,female,,South Africa
65730,male,,South Africa
104831,female,,South Africa
116913,male,,South Africa
112804,female,,South Africa
125465,male,,South Africa
127312,female,,South Africa
138186,male,,South Africa
153585,female,,South Africa
163098,male,,South Africa
148710,female,,South Africa
153500,male,,South Africa
114112,female,,South Africa
127001,male,,South Africa
113523,female,,South Africa
133692,male,,South Africa
115251,female,,South Africa
148147,male,,South Africa
356,female,,Spain
973,male,,Spain
-1,female,,Spain
-1,male,,Spain
-1,female,,Spain
-1,male,,Spain
429,female,,Spain
1150,male,,Spain
-1,female,,Spain
-1,male,,Spain
-1,female,,Spain
-1,male,,Spain
551,female,,Spain
1215,male,,Spain
675,female,,Spain
1478,male,,Spain
549,female,,Spain
1143,male,,Spain
555,female,,Spain
1124,male,,Spain
632,female,,Spain
1297,male,,Spain
2016,female,,Spain
3647,male,,Spain
1924,female,,Spain
3495,male,,Spain
1867,female,,Spain
3291,male,,Spain
0,female,,Spain
0,male,,Spain
1773,female,,Spain
3107,male,,Spain
1673,female,,Spain
2760,male,,Spain
1487,female,,Spain
2426,male,,Spain
1506,female,,Spain
2294,male,,Spain
758,female,,Sri Lanka
1929,male,,Sri Lanka
756,female,,Sri Lanka
1859,male,,Sri Lanka
900,female,,Sri Lanka
2220,male,,Sri Lanka
924,female,,Sri Lanka
2403,male,,Sri Lanka
937,female,,Sri Lanka
2368,male,,Sri Lanka
1098,female,,Sri Lanka
2697,male,,Sri Lanka
1067,female,,Sri Lanka
2750,male,,Sri Lanka
1075,female,,Sri Lanka
2719,male,,Sri Lanka
1028,female,,Sri Lanka
2758,male,,Sri Lanka
990,female,,Sri Lanka
2815,male,,Sri Lanka
1099,female,,Sri Lanka
3160,male,,Sri Lanka
2319,female,,Sri Lanka
4457,male,,Sri Lanka
2383,female,,Sri Lanka
4634,male,,Sri Lanka
2545,female,,Sri Lanka
4849,male,,Sri Lanka
2426,female,,Sri Lanka
5076,male,,Sri Lanka
2513,female,,Sri Lanka
5066,male,,Sri Lanka
2696,female,,Sri Lanka
5025,male,,Sri Lanka
2326,female,,Sri Lanka
4607,male,,Sri Lanka
2448,female,,Sri Lanka
4848,male,,Sri Lanka
2147,female,,Sudan
2882,male,,Sudan
-1,female,,Sudan
-1,male,,Sudan
-1,female,,Sudan
-1,male,,Sudan
3518,female,,Sudan
5088,male,,Sudan
4661,female,,Sudan
5645,male,,Sudan
4062,female,,Sudan
5647,male,,Sudan
3091,female,,Sudan
4710,male,,Sudan
3510,female,,Sudan
5196,male,,Sudan
3758,female,,Sudan
5611,male,,Sudan
4063,female,,Sudan
6365,male,,Sudan
4423,female,,Sudan
6764,male,,Sudan
4226,female,,Sudan
6557,male,,Sudan
5272,female,,Sudan
7947,male,,Sudan
7130,female,,Sudan
10854,male,,Sudan
7186,female,,Sudan
11178,male,,Sudan
3311,female,,Sudan
5661,male,,Sudan
5797,female,,Sudan
9708,male,,Sudan
2037,female,,Sudan
3815,male,,Sudan
-1,female,,Sudan
-1,male,,Sudan
185,female,,Swaziland
444,male,,Swaziland
806,female,,Swaziland
1087,male,,Swaziland
-1,female,,Swaziland
-1,male,,Swaziland
-1,female,,Swaziland
-1,male,,Swaziland
-1,female,,Swaziland
-1,male,,Swaziland
644,female,,Swaziland
906,male,,Swaziland
1124,female,,Swaziland
1330,male,,Swaziland
700,female,,Swaziland
670,male,,Swaziland
792,female,,Swaziland
733,male,,Swaziland
927,female,,Swaziland
906,male,,Swaziland
1072,female,,Swaziland
1049,male,,Swaziland
3300,female,,Swaziland
3403,male,,Swaziland
1356,female,,Swaziland
1285,male,,Swaziland
1570,female,,Swaziland
1413,male,,Swaziland
1749,female,,Swaziland
1592,male,,Swaziland
3896,female,,Swaziland
3849,male,,Swaziland
2544,female,,Swaziland
2540,male,,Swaziland
2809,female,,Swaziland
2992,male,,Swaziland
2589,female,,Swaziland
3124,male,,Swaziland
389,female,,Syrian Arab Republic
827,male,,Syrian Arab Republic
460,female,,Syrian Arab Republic
949,male,,Syrian Arab Republic
427,female,,Syrian Arab Republic
876,male,,Syrian Arab Republic
406,female,,Syrian Arab Republic
880,male,,Syrian Arab Republic
-1,female,,Syrian Arab Republic
-1,male,,Syrian Arab Republic
433,female,,Syrian Arab Republic
935,male,,Syrian Arab Republic
474,female,,Syrian Arab Republic
871,male,,Syrian Arab Republic
425,female,,Syrian Arab Republic
900,male,,Syrian Arab Republic
490,female,,Syrian Arab Republic
922,male,,Syrian Arab Republic
512,female,,Syrian Arab Republic
931,male,,Syrian Arab Republic
440,female,,Syrian Arab Republic
788,male,,Syrian Arab Republic
1464,female,,Syrian Arab Republic
1695,male,,Syrian Arab Republic
1565,female,,Syrian Arab Republic
1652,male,,Syrian Arab Republic
1393,female,,Syrian Arab Republic
1530,male,,Syrian Arab Republic
1568,female,,Syrian Arab Republic
1573,male,,Syrian Arab Republic
1488,female,,Syrian Arab Republic
1412,male,,Syrian Arab Republic
1259,female,,Syrian Arab Republic
1283,male,,Syrian Arab Republic
1195,female,,Syrian Arab Republic
1017,male,,Syrian Arab Republic
1114,female,,Syrian Arab Republic
1085,male,,Syrian Arab Republic
-1,female,,Tajikistan
-1,male,,Tajikistan
121,female,,Tajikistan
94,male,,Tajikistan
103,female,,Tajikistan
110,male,,Tajikistan
161,female,,Tajikistan
245,male,,Tajikistan
-1,female,,Tajikistan
-1,male,,Tajikistan
-1,female,,Tajikistan
-1,male,,Tajikistan
242,female,,Tajikistan
430,male,,Tajikistan
243,female,,Tajikistan
406,male,,Tajikistan
-1,female,,Tajikistan
-1,male,,Tajikistan
217,female,,Tajikistan
340,male,,Tajikistan
693,female,,Tajikistan
909,male,,Tajikistan
-1,female,,Tajikistan
-1,male,,Tajikistan
2164,female,,Tajikistan
3017,male,,Tajikistan
2090,female,,Tajikistan
3171,male,,Tajikistan
2086,female,,Tajikistan
3029,male,,Tajikistan
2241,female,,Tajikistan
2907,male,,Tajikistan
2136,female,,Tajikistan
2856,male,,Tajikistan
2023,female,,Tajikistan
2732,male,,Tajikistan
1962,female,,Tajikistan
2614,male,,Tajikistan
4522,female,,Thailand
12116,male,,Thailand
3761,female,,Thailand
10380,male,,Thailand
2882,female,,Thailand
8223,male,,Thailand
1876,female,,Thailand
4515,male,,Thailand
3587,female,,Thailand
8336,male,,Thailand
4328,female,,Thailand
9834,male,,Thailand
6296,female,,Thailand
17462,male,,Thailand
6084,female,,Thailand
14567,male,,Thailand
6515,female,,Thailand
16747,male,,Thailand
6308,female,,Thailand
16792,male,,Thailand
6529,female,,Thailand
16385,male,,Thailand
6441,female,,Thailand
16811,male,,Thailand
6367,female,,Thailand
16436,male,,Thailand
6406,female,,Thailand
16352,male,,Thailand
8076,female,,Thailand
18042,male,,Thailand
7727,female,,Thailand
19121,male,,Thailand
7633,female,,Thailand
19209,male,,Thailand
6887,female,,Thailand
18073,male,,Thailand
-1,female,,Thailand
-1,male,,Thailand
282,female,,Togo
515,male,,Togo
311,female,,Togo
508,male,,Togo
-1,female,,Togo
-1,male,,Togo
313,female,,Togo
532,male,,Togo
332,female,,Togo
507,male,,Togo
341,female,,Togo
570,male,,Togo
-1,female,,Togo
-1,male,,Togo
424,female,,Togo
704,male,,Togo
412,female,,Togo
733,male,,Togo
550,female,,Togo
876,male,,Togo
647,female,,Togo
984,male,,Togo
806,female,,Togo
1153,male,,Togo
692,female,,Togo
984,male,,Togo
815,female,,Togo
1238,male,,Togo
977,female,,Togo
1494,male,,Togo
736,female,,Togo
1191,male,,Togo
729,female,,Togo
1216,male,,Togo
763,female,,Togo
1208,male,,Togo
876,female,,Togo
1494,male,,Togo
-1,female,,Turkey
-1,male,,Turkey
-1,female,,Turkey
-1,male,,Turkey
-1,female,,Turkey
-1,male,,Turkey
-1,female,,Turkey
-1,male,,Turkey
-1,female,,Turkey
-1,male,,Turkey
-1,female,,Turkey
-1,male,,Turkey
-1,female,,Turkey
-1,male,,Turkey
-1,female,,Turkey
-1,male,,Turkey
-1,female,,Turkey
-1,male,,Turkey
64,female,,Turkey
207,male,,Turkey
1757,female,,Turkey
4968,male,,Turkey
5504,female,,Turkey
10068,male,,Turkey
5593,female,,Turkey
9376,male,,Turkey
5259,female,,Turkey
8719,male,,Turkey
5173,female,,Turkey
7937,male,,Turkey
5057,female,,Turkey
7302,male,,Turkey
4859,female,,Turkey
6840,male,,Turkey
4353,female,,Turkey
6513,male,,Turkey
4222,female,,Turkey
6256,male,,Turkey
5272,female,,Uganda
7198,male,,Uganda
5934,female,,Uganda
7901,male,,Uganda
6748,female,,Uganda
9854,male,,Uganda
7022,female,,Uganda
9780,male,,Uganda
6671,female,,Uganda
9478,male,,Uganda
6928,female,,Uganda
9373,male,,Uganda
6782,female,,Uganda
9364,male,,Uganda
7547,female,,Uganda
10273,male,,Uganda
7866,female,,Uganda
11093,male,,Uganda
7863,female,,Uganda
11703,male,,Uganda
7917,female,,Uganda
11183,male,,Uganda
7581,female,,Uganda
11408,male,,Uganda
7830,female,,Uganda
12145,male,,Uganda
7916,female,,Uganda
13428,male,,Uganda
7923,female,,Uganda
13774,male,,Uganda
7867,female,,Uganda
14042,male,,Uganda
8136,female,,Uganda
15192,male,,Uganda
8122,female,,Uganda
15190,male,,Uganda
8106,female,,Uganda
15598,male,,Uganda
1388,female,,Ukraine
6127,male,,Ukraine
1574,female,,Ukraine
7054,male,,Ukraine
1598,female,,Ukraine
6899,male,,Ukraine
1897,female,,Ukraine
7660,male,,Ukraine
2059,female,,Ukraine
7367,male,,Ukraine
2040,female,,Ukraine
7699,male,,Ukraine
2307,female,,Ukraine
8641,male,,Ukraine
-1,female,,Ukraine
-1,male,,Ukraine
2400,female,,Ukraine
9308,male,,Ukraine
-1,female,,Ukraine
-1,male,,Ukraine
-1,female,,Ukraine
-1,male,,Ukraine
4295,female,,Ukraine
12248,male,,Ukraine
5250,female,,Ukraine
18423,male,,Ukraine
8995,female,,Ukraine
23299,male,,Ukraine
8643,female,,Ukraine
21475,male,,Ukraine
1103,female,,Ukraine
1648,male,,Ukraine
2310,female,,Ukraine
7416,male,,Ukraine
7165,female,,Ukraine
18040,male,,Ukraine
8948,female,,Ukraine
21882,male,,Ukraine
-1,female,,United Kingdom of Great Britain and Northern Ireland
-1,male,,United Kingdom of Great Britain and Northern Ireland
-1,female,,United Kingdom of Great Britain and Northern Ireland
-1,male,,United Kingdom of Great Britain and Northern Ireland
232,female,,United Kingdom of Great Britain and Northern Ireland
389,male,,United Kingdom of Great Britain and Northern Ireland
362,female,,United Kingdom of Great Britain and Northern Ireland
621,male,,United Kingdom of Great Britain and Northern Ireland
254,female,,United Kingdom of Great Britain and Northern Ireland
333,male,,United Kingdom of Great Britain and Northern Ireland
331,female,,United Kingdom of Great Britain and Northern Ireland
474,male,,United Kingdom of Great Britain and Northern Ireland
327,female,,United Kingdom of Great Britain and Northern Ireland
516,male,,United Kingdom of Great Britain and Northern Ireland
356,female,,United Kingdom of Great Britain and Northern Ireland
556,male,,United Kingdom of Great Britain and Northern Ireland
408,female,,United Kingdom of Great Britain and Northern Ireland
551,male,,United Kingdom of Great Britain and Northern Ireland
467,female,,United Kingdom of Great Britain and Northern Ireland
657,male,,United Kingdom of Great Britain and Northern Ireland
425,female,,United Kingdom of Great Britain and Northern Ireland
691,male,,United Kingdom of Great Britain and Northern Ireland
2924,female,,United Kingdom of Great Britain and Northern Ireland
3619,male,,United Kingdom of Great Britain and Northern Ireland
3762,female,,United Kingdom of Great Britain and Northern Ireland
4996,male,,United Kingdom of Great Britain and Northern Ireland
2381,female,,United Kingdom of Great Britain and Northern Ireland
2917,male,,United Kingdom of Great Britain and Northern Ireland
2510,female,,United Kingdom of Great Britain and Northern Ireland
3234,male,,United Kingdom of Great Britain and Northern Ireland
2498,female,,United Kingdom of Great Britain and Northern Ireland
3400,male,,United Kingdom of Great Britain and Northern Ireland
2725,female,,United Kingdom of Great Britain and Northern Ireland
3742,male,,United Kingdom of Great Britain and Northern Ireland
2611,female,,United Kingdom of Great Britain and Northern Ireland
3735,male,,United Kingdom of Great Britain and Northern Ireland
2481,female,,United Kingdom of Great Britain and Northern Ireland
3572,male,,United Kingdom of Great Britain and Northern Ireland
6875,female,,United Republic of Tanzania
11876,male,,United Republic of Tanzania
7711,female,,United Republic of Tanzania
12510,male,,United Republic of Tanzania
7933,female,,United Republic of Tanzania
12038,male,,United Republic of Tanzania
8464,female,,United Republic of Tanzania
13923,male,,United Republic of Tanzania
8730,female,,United Republic of Tanzania
13938,male,,United Republic of Tanzania
8632,female,,United Republic of Tanzania
13847,male,,United Republic of Tanzania
8986,female,,United Republic of Tanzania
13926,male,,United Republic of Tanzania
8526,female,,United Republic of Tanzania
13934,male,,United Republic of Tanzania
8838,female,,United Republic of Tanzania
14267,male,,United Republic of Tanzania
9048,female,,United Republic of Tanzania
14829,male,,United Republic of Tanzania
8780,female,,United Republic of Tanzania
14615,male,,United Republic of Tanzania
8543,female,,United Republic of Tanzania
14320,male,,United Republic of Tanzania
8550,female,,United Republic of Tanzania
14089,male,,United Republic of Tanzania
8244,female,,United Republic of Tanzania
48730,male,,United Republic of Tanzania
21847,female,,United Republic of Tanzania
31468,male,,United Republic of Tanzania
21840,female,,United Republic of Tanzania
30990,male,,United Republic of Tanzania
8130,female,,United Republic of Tanzania
14066,male,,United Republic of Tanzania
8216,female,,United Republic of Tanzania
14987,male,,United Republic of Tanzania
-1,female,,United Republic of Tanzania
-1,male,,United Republic of Tanzania
1845,female,,United States of America
4511,male,,United States of America
1750,female,,United States of America
4118,male,,United States of America
1620,female,,United States of America
3816,male,,United States of America
1564,female,,United States of America
3628,male,,United States of America
1506,female,,United States of America
3489,male,,United States of America
1376,female,,United States of America
3354,male,,United States of America
1418,female,,United States of America
3157,male,,United States of America
1440,female,,United States of America
3003,male,,United States of America
1378,female,,United States of America
2960,male,,United States of America
1324,female,,United States of America
2970,male,,United States of America
1268,female,,United States of America
2850,male,,United States of America
3794,female,,United States of America
6491,male,,United States of America
3716,female,,United States of America
6212,male,,United States of America
3565,female,,United States of America
6046,male,,United States of America
3301,female,,United States of America
5170,male,,United States of America
2865,female,,United States of America
4766,male,,United States of America
2855,female,,United States of America
4691,male,,United States of America
2831,female,,United States of America
4404,male,,United States of America
2569,female,,United States of America
4014,male,,United States of America
-1,female,,Uzbekistan
-1,male,,Uzbekistan
1359,female,,Uzbekistan
1984,male,,Uzbekistan
-1,female,,Uzbekistan
-1,male,,Uzbekistan
25,female,,Uzbekistan
13,male,,Uzbekistan
1654,female,,Uzbekistan
2282,male,,Uzbekistan
1421,female,,Uzbekistan
2169,male,,Uzbekistan
1789,female,,Uzbekistan
2467,male,,Uzbekistan
1108,female,,Uzbekistan
1394,male,,Uzbekistan
1683,female,,Uzbekistan
2575,male,,Uzbekistan
1856,female,,Uzbekistan
2731,male,,Uzbekistan
2015,female,,Uzbekistan
2935,male,,Uzbekistan
5734,female,,Uzbekistan
8058,male,,Uzbekistan
5275,female,,Uzbekistan
7987,male,,Uzbekistan
4733,female,,Uzbekistan
7378,male,,Uzbekistan
5154,female,,Uzbekistan
7390,male,,Uzbekistan
5094,female,,Uzbekistan
7071,male,,Uzbekistan
4558,female,,Uzbekistan
6296,male,,Uzbekistan
4491,female,,Uzbekistan
6451,male,,Uzbekistan
6240,female,,Uzbekistan
10348,male,,Uzbekistan
-1,female,,Venezuela (Bolivarian Republic of)
-1,male,,Venezuela (Bolivarian Republic of)
-1,female,,Venezuela (Bolivarian Republic of)
-1,male,,Venezuela (Bolivarian Republic of)
-1,female,,Venezuela (Bolivarian Republic of)
-1,male,,Venezuela (Bolivarian Republic of)
-1,female,,Venezuela (Bolivarian Republic of)
-1,male,,Venezuela (Bolivarian Republic of)
1096,female,,Venezuela (Bolivarian Republic of)
1901,male,,Venezuela (Bolivarian Republic of)
-1,female,,Venezuela (Bolivarian Republic of)
-1,male,,Venezuela (Bolivarian Republic of)
-1,female,,Venezuela (Bolivarian Republic of)
-1,male,,Venezuela (Bolivarian Republic of)
1053,female,,Venezuela (Bolivarian Republic of)
1819,male,,Venezuela (Bolivarian Republic of)
1279,female,,Venezuela (Bolivarian Republic of)
1962,male,,Venezuela (Bolivarian Republic of)
1193,female,,Venezuela (Bolivarian Republic of)
1965,male,,Venezuela (Bolivarian Republic of)
1246,female,,Venezuela (Bolivarian Republic of)
1787,male,,Venezuela (Bolivarian Republic of)
1864,female,,Venezuela (Bolivarian Republic of)
2959,male,,Venezuela (Bolivarian Republic of)
1809,female,,Venezuela (Bolivarian Republic of)
2771,male,,Venezuela (Bolivarian Republic of)
1863,female,,Venezuela (Bolivarian Republic of)
2843,male,,Venezuela (Bolivarian Republic of)
1978,female,,Venezuela (Bolivarian Republic of)
2876,male,,Venezuela (Bolivarian Republic of)
1869,female,,Venezuela (Bolivarian Republic of)
2791,male,,Venezuela (Bolivarian Republic of)
1881,female,,Venezuela (Bolivarian Republic of)
2891,male,,Venezuela (Bolivarian Republic of)
1920,female,,Venezuela (Bolivarian Republic of)
2943,male,,Venezuela (Bolivarian Republic of)
2046,female,,Venezuela (Bolivarian Republic of)
3123,male,,Venezuela (Bolivarian Republic of)
-1,female,,Viet Nam
-1,male,,Viet Nam
12642,female,,Viet Nam
25856,male,,Viet Nam
13478,female,,Viet Nam
28664,male,,Viet Nam
13067,female,,Viet Nam
29841,male,,Viet Nam
12484,female,,Viet Nam
28996,male,,Viet Nam
11849,female,,Viet Nam
28586,male,,Viet Nam
11507,female,,Viet Nam
29791,male,,Viet Nam
11464,female,,Viet Nam
32069,male,,Viet Nam
11105,female,,Viet Nam
32028,male,,Viet Nam
11133,female,,Viet Nam
33960,male,,Viet Nam
10477,female,,Viet Nam
32815,male,,Viet Nam
10523,female,,Viet Nam
33995,male,,Viet Nam
10277,female,,Viet Nam
32906,male,,Viet Nam
10174,female,,Viet Nam
32748,male,,Viet Nam
9811,female,,Viet Nam
31832,male,,Viet Nam
9732,female,,Viet Nam
32446,male,,Viet Nam
9561,female,,Viet Nam
32120,male,,Viet Nam
9515,female,,Viet Nam
32158,male,,Viet Nam
9743,female,,Viet Nam
31777,male,,Viet Nam
1794,female,,Yemen
1610,male,,Yemen
317,female,,Yemen
314,male,,Yemen
2125,female,,Yemen
2263,male,,Yemen
2173,female,,Yemen
2338,male,,Yemen
1879,female,,Yemen
1879,male,,Yemen
2535,female,,Yemen
2540,male,,Yemen
2146,female,,Yemen
2419,male,,Yemen
1643,female,,Yemen
1999,male,,Yemen
1531,female,,Yemen
1971,male,,Yemen
1333,female,,Yemen
1860,male,,Yemen
1367,female,,Yemen
1803,male,,Yemen
1276,female,,Yemen
1837,male,,Yemen
1378,female,,Yemen
1910,male,,Yemen
1474,female,,Yemen
1800,male,,Yemen
1461,female,,Yemen
1844,male,,Yemen
1424,female,,Yemen
1793,male,,Yemen
1353,female,,Yemen
1510,male,,Yemen
4071,female,,Yemen
3836,male,,Yemen
4354,female,,Yemen
4085,male,,Yemen
3995,female,,Zambia
4169,male,,Zambia
-1,female,,Zambia
-1,male,,Zambia
-1,female,,Zambia
-1,male,,Zambia
-1,female,,Zambia
-1,male,,Zambia
-1,female,,Zambia
-1,male,,Zambia
3653,female,,Zambia
8526,male,,Zambia
-1,female,,Zambia
-1,male,,Zambia
6501,female,,Zambia
7014,male,,Zambia
8103,female,,Zambia
9686,male,,Zambia
7271,female,,Zambia
9004,male,,Zambia
6207,female,,Zambia
7841,male,,Zambia
6250,female,,Zambia
7093,male,,Zambia
5518,female,,Zambia
7178,male,,Zambia
5107,female,,Zambia
7494,male,,Zambia
4797,female,,Zambia
7469,male,,Zambia
-1,female,,Zambia
-1,male,,Zambia
14712,female,,Zambia
21742,male,,Zambia
13452,female,,Zambia
20485,male,,Zambia
14313,female,,Zambia
21390,male,,Zambia
-1,female,,Zimbabwe
-1,male,,Zimbabwe
-1,female,,Zimbabwe
-1,male,,Zimbabwe
-1,female,,Zimbabwe
-1,male,,Zimbabwe
-1,female,,Zimbabwe
-1,male,,Zimbabwe
-1,female,,Zimbabwe
-1,male,,Zimbabwe
-1,female,,Zimbabwe
-1,male,,Zimbabwe
-1,female,,Zimbabwe
-1,male,,Zimbabwe
4755,female,,Zimbabwe
5869,male,,Zimbabwe
6358,female,,Zimbabwe
7498,male,,Zimbabwe
6399,female,,Zimbabwe
7461,male,,Zimbabwe
5404,female,,Zimbabwe
6013,male,,Zimbabwe
18559,female,,Zimbabwe
19093,male,,Zimbabwe
16311,female,,Zimbabwe
15807,male,,Zimbabwe
15372,female,,Zimbabwe
16010,male,,Zimbabwe
18144,female,,Zimbabwe
17826,male,,Zimbabwe
18082,female,,Zimbabwe
18231,male,,Zimbabwe
15000,female,,Zimbabwe
16578,male,,Zimbabwe
13445,female,,Zimbabwe
16050,male,,Zimbabwe
12508,female,,Zimbabwe
15891,male,,Zimbabwe
